Date,adj_close
2000-01-03,1.9678022861480713
2000-01-04,1.9421625137329102
2000-01-05,1.9592558145523071
2000-01-06,2.1323211193084717
2000-01-07,2.2647902965545654
2000-01-10,2.2904281616210938
2000-01-11,2.307520866394043
2000-01-12,2.320340156555176
2000-01-13,2.307520866394043
2000-01-14,2.3673465251922607
2000-01-17,2.448535203933716
2000-01-18,2.363072395324707
2000-01-19,2.3929848670959473
2000-01-20,2.3801653385162354
2000-01-21,2.363072395324707
2000-01-24,2.333160877227783
2000-01-25,2.2647902965545654
2000-01-26,2.3374338150024414
2000-01-27,2.307520866394043
2000-01-28,2.307520866394043
2000-01-31,2.2177834510803223
2000-02-01,2.2476963996887207
2000-02-02,2.2562434673309326
2000-02-03,2.307520866394043
2000-02-04,2.200690984725952
2000-02-07,2.3032479286193848
2000-02-08,2.2861547470092773
2000-02-09,2.226330518722534
2000-02-10,2.2220568656921387
2000-02-11,2.13659405708313
2000-02-14,2.128046989440918
2000-02-15,2.1152279376983643
2000-02-16,2.145139217376709
2000-02-17,2.1323211193084717
2000-02-18,2.093860626220703
2000-02-21,2.061812162399292
2000-02-22,2.008397102355957
2000-02-23,2.008397102355957
2000-02-24,2.0126712322235107
2000-02-25,1.9870325326919556
2000-02-28,1.9101142883300781
2000-02-29,1.9870325326919556
2000-03-01,2.0254905223846436
2000-03-02,2.008397102355957
2000-03-03,2.008397102355957
2000-03-06,2.008397102355957
2000-03-07,2.008397102355957
2000-03-08,1.9827584028244019
2000-03-09,1.9272065162658691
2000-03-10,1.8502897024154663
2000-03-13,1.8802024126052856
2000-03-14,1.9143879413604736
2000-03-15,2.0190813541412354
2000-03-16,1.991306185722351
2000-03-17,2.034036636352539
2000-03-20,1.9229344129562378
2000-03-21,1.9229344129562378
2000-03-22,1.8588359355926514
2000-03-23,1.8802024126052856
2000-03-24,1.8716554641723633
2000-03-27,1.8780659437179565
2000-03-28,1.8716554641723633
2000-03-29,1.8802024126052856
2000-03-30,1.8502897024154663
2000-03-31,1.854562520980835
2000-04-03,1.8737921714782715
2000-04-04,1.8588359355926514
2000-04-05,1.884475588798523
2000-04-06,1.9229344129562378
2000-04-07,1.948573112487793
2000-04-10,1.9229344129562378
2000-04-11,1.8887490034103394
2000-04-12,1.8737921714782715
2000-04-13,1.8203779458999634
2000-04-14,1.6772254705429077
2000-04-17,1.6344941854476929
2000-04-18,1.5597131252288818
2000-04-19,1.482796311378479
2000-04-20,1.482796311378479
2000-04-21,1.482796311378479
2000-04-24,1.529801607131958
2000-04-25,1.666542410850525
2000-04-26,1.666542410850525
2000-04-27,1.6366310119628906
2000-04-28,1.6409035921096802
2000-05-01,1.6409035921096802
2000-05-02,1.6067192554473877
2000-05-03,1.6088547706604004
2000-05-04,1.786191701889038
2000-05-05,1.786191701889038
2000-05-08,1.7263683080673218
2000-05-09,1.5468931198120117
2000-05-10,1.525527834892273
2000-05-11,1.4528833627700806
2000-05-12,1.4785230159759521
2000-05-15,1.4592928886413574
2000-05-16,1.440063714981079
2000-05-17,1.4379273653030396
2000-05-18,1.3738285303115845
2000-05-19,1.4742496013641357
2000-05-22,1.401605486869812
2000-05-23,1.3460533618927002
2000-05-24,1.410151481628418
2000-05-25,1.3674200773239136
2000-05-26,1.333234429359436
2000-05-29,1.3674200773239136
2000-05-30,1.3674200773239136
2000-05-31,1.3845125436782837
2000-06-01,1.3674200773239136
2000-06-02,1.4315173625946045
2000-06-05,1.4528833627700806
2000-06-06,1.4528833627700806
2000-06-07,1.4763860702514648
2000-06-08,1.4956152439117432
2000-06-09,1.4528833627700806
2000-06-12,1.410151481628418
2000-06-13,1.435791015625
2000-06-14,1.489205002784729
2000-06-15,1.3716927766799927
2000-06-16,1.2905024290084839
2000-06-19,1.2905024290084839
2000-06-20,1.217858076095581
2000-06-21,1.1836732625961304
2000-06-22,1.217858076095581
2000-06-23,1.2093122005462646
2000-06-26,1.2093122005462646
2000-06-27,1.217858076095581
2000-06-28,1.2413607835769653
2000-06-29,1.237087368965149
2000-06-30,1.1836732625961304
2000-07-03,1.2199941873550415
2000-07-04,1.3674200773239136
2000-07-05,1.2691367864608765
2000-07-06,1.24990713596344
2000-07-07,1.281956434249878
2000-07-10,1.3588727712631226
2000-07-11,1.3802387714385986
2000-07-12,1.4058789014816284
2000-07-13,1.469976544380188
2000-07-14,1.5468931198120117
2000-07-17,1.5597131252288818
2000-07-18,1.536030888557434
2000-07-19,1.5017054080963135
2000-07-20,1.5446115732192993
2000-07-21,1.5875177383422852
2000-07-24,1.6304230690002441
2000-07-25,1.6733295917510986
2000-07-26,1.5875177383422852
2000-07-27,1.5724995136260986
2000-07-28,1.5059961080551147
2000-07-31,1.5059961080551147
2000-08-01,1.611115574836731
2000-08-02,1.6561673879623413
2000-08-03,1.6432948112487793
2000-08-04,1.6497303247451782
2000-08-07,1.7076531648635864
2000-08-08,1.7376874685287476
2000-08-09,1.7848831415176392
2000-08-10,1.759141445159912
2000-08-11,1.8020466566085815
2000-08-14,1.8063369989395142
2000-08-15,1.7805932760238647
2000-08-16,1.7484148740768433
2000-08-17,1.7248159646987915
2000-08-18,1.7140902280807495
2000-08-21,1.7140902280807495
2000-08-22,1.6690380573272705
2000-08-23,1.654021143913269
2000-08-24,1.6690380573272705
2000-08-25,1.6733295917510986
2000-08-28,1.716234803199768
2000-08-29,1.7677220106124878
2000-08-30,1.7376874685287476
2000-08-31,1.7634313106536865
2000-09-01,1.7419781684875488
2000-09-04,1.74626886844635
2000-09-05,1.7677220106124878
2000-09-06,1.7720129489898682
2000-09-07,1.759141445159912
2000-09-08,1.759141445159912
2000-09-11,1.7505595684051514
2000-09-12,1.7419781684875488
2000-09-13,1.7376874685287476
2000-09-14,1.776303768157959
2000-09-15,1.8149181604385376
2000-09-18,1.7567070722579956
2000-09-19,1.7007336616516113
2000-09-20,1.6921226978302002
2000-09-21,1.6361488103866577
2000-09-22,1.6081613302230835
2000-09-25,1.6146196126937866
2000-09-26,1.60170316696167
2000-09-27,1.5930919647216797
2000-09-28,1.5735535621643066
2000-09-29,1.5562621355056763
2000-10-02,1.5562621355056763
2000-10-03,1.5562621355056763
2000-10-04,1.5649076700210571
2000-10-05,1.5649076700210571
2000-10-06,1.51303231716156
2000-10-09,1.4698023796081543
2000-10-10,1.4762870073318481
2000-10-11,1.51303231716156
2000-10-12,1.5151935815811157
2000-10-13,1.5151935815811157
2000-10-16,1.5151935815811157
2000-10-17,1.5151935815811157
2000-10-18,1.491417407989502
2000-10-19,1.491417407989502
2000-10-20,1.491417407989502
2000-10-23,1.491417407989502
2000-10-24,1.491417407989502
2000-10-25,1.491417407989502
2000-10-26,1.491417407989502
2000-10-27,1.491417407989502
2000-10-30,1.491417407989502
2000-10-31,1.491417407989502
2000-11-01,1.491417407989502
2000-11-02,1.491417407989502
2000-11-03,1.2860769033432007
2000-11-06,1.2860769033432007
2000-11-07,1.3120148181915283
2000-11-08,1.3120148181915283
2000-11-09,1.3120148181915283
2000-11-10,1.3120148181915283
2000-11-13,1.3120148181915283
2000-11-14,1.3120148181915283
2000-11-15,1.3120148181915283
2000-11-16,1.3120148181915283
2000-11-17,1.3120148181915283
2000-11-20,1.3120148181915283
2000-11-21,1.3120148181915283
2000-11-22,1.3120148181915283
2000-11-23,1.3120148181915283
2000-11-24,1.3120148181915283
2000-11-27,1.3120148181915283
2000-11-28,1.3120148181915283
2000-11-29,1.3120148181915283
2000-11-30,1.3120148181915283
2000-12-01,1.3120148181915283
2000-12-04,1.3120148181915283
2000-12-05,1.3120148181915283
2000-12-06,1.3120148181915283
2000-12-07,1.3120148181915283
2000-12-08,1.3120148181915283
2000-12-11,1.3120148181915283
2000-12-12,1.3120148181915283
2000-12-13,1.3120148181915283
2000-12-14,1.3120148181915283
2000-12-15,1.3120148181915283
2000-12-18,1.3120148181915283
2000-12-19,1.3120148181915283
2000-12-20,1.3120148181915283
2000-12-21,1.3120148181915283
2000-12-22,1.3120148181915283
2000-12-25,1.3120148181915283
2000-12-26,1.3120148181915283
2000-12-27,1.3120148181915283
2000-12-28,1.3120148181915283
2000-12-29,1.3120148181915283
2001-01-01,1.3120148181915283
2001-01-02,1.3120148181915283
2001-01-03,1.3120148181915283
2001-01-04,1.3120148181915283
2001-01-05,1.3120148181915283
2001-01-08,1.3120148181915283
2001-01-09,1.3120148181915283
2001-01-10,1.3120148181915283
2001-01-11,1.3120148181915283
2001-01-12,1.3120148181915283
2001-01-15,1.3120148181915283
2001-01-16,1.3120148181915283
2001-01-17,1.3120148181915283
2001-01-18,1.3120148181915283
2001-01-19,1.3120148181915283
2001-01-22,1.3120148181915283
2001-01-23,1.3120148181915283
2001-01-24,1.3120148181915283
2001-01-25,1.3120148181915283
2001-01-26,1.3120148181915283
2001-01-29,1.3120148181915283
2001-01-30,1.3120148181915283
2001-01-31,1.3120148181915283
2001-02-01,1.3120148181915283
2001-02-02,1.3120148181915283
2001-02-05,1.3120148181915283
2001-02-06,1.4163342714309692
2001-02-07,1.4078023433685303
2001-02-08,1.4163342714309692
2001-02-09,1.4171881675720215
2001-02-12,1.4265731573104858
2001-02-13,1.4167615175247192
2001-02-14,1.391164779663086
2001-02-15,1.36514151096344
2001-02-16,1.3096827268600464
2001-02-19,1.3310136795043945
2001-02-20,1.3310136795043945
2001-02-21,1.3011513948440552
2001-02-22,1.2371594905853271
2001-02-23,1.2239344120025635
2001-02-26,1.2209476232528687
2001-02-27,1.211563229560852
2001-02-28,1.2200952768325806
2001-03-01,1.217962384223938
2001-03-02,1.290058970451355
2001-03-05,1.2840862274169922
2001-03-06,1.305416464805603
2001-03-07,1.3868986368179321
2001-03-08,1.3898853063583374
2001-03-09,1.3642891645431519
2001-03-12,1.2491049766540527
2001-03-13,1.206017017364502
2001-03-14,1.1561044454574585
2001-03-15,1.1424529552459717
2001-03-16,1.1509844064712524
2001-03-19,1.1219760179519653
2001-03-20,1.1155762672424316
2001-03-21,1.1155762672424316
2001-03-22,1.130507469177246
2001-03-23,1.1902331113815308
2001-03-26,1.232466697692871
2001-03-27,1.2371594905853271
2001-03-28,1.2247880697250366
2001-03-29,1.2282007932662964
2001-03-30,1.2256407737731934
2001-04-02,1.2154021263122559
2001-04-03,1.1433058977127075
2001-04-04,1.1339207887649536
2001-04-05,1.085714340209961
2001-04-06,1.0985127687454224
2001-04-09,1.0665167570114136
2001-04-10,1.0793150663375854
2001-04-11,1.07120943069458
2001-04-12,1.07120943069458
2001-04-13,1.07120943069458
2001-04-16,1.0622504949569702
2001-04-17,1.0707827806472778
2001-04-18,1.1633570194244385
2001-04-19,1.0793150663375854
2001-04-20,1.0537186861038208
2001-04-23,1.0067920684814453
2001-04-24,1.0281221866607666
2001-04-25,1.0238560438156128
2001-04-26,0.9893006682395935
2001-04-27,0.9726635813713074
2001-04-30,1.0311089754104614
2001-05-01,1.0311089754104614
2001-05-02,1.1198424100875854
2001-05-03,1.0985127687454224
2001-05-04,1.1219760179519653
2001-05-07,1.1108838319778442
2001-05-08,1.0537186861038208
2001-05-09,1.1006454229354858
2001-05-10,1.1526914834976196
2001-05-11,1.1347739696502686
2001-05-14,1.130507469177246
2001-05-15,1.1134438514709473
2001-05-16,1.0421998500823975
2001-05-17,1.0503064393997192
2001-05-18,1.1142971515655518
2001-05-21,1.130507469177246
2001-05-22,1.125815749168396
2001-05-23,1.1364809274673462
2001-05-24,1.0980857610702515
2001-05-25,1.0776084661483765
2001-05-28,1.0720349550247192
2001-05-29,1.0784662961959839
2001-05-30,1.098620891571045
2001-05-31,1.144932508468628
2001-06-01,1.1985349655151367
2001-06-04,1.1963897943496704
2001-06-05,1.144932508468628
2001-06-06,1.1629431247711182
2001-06-07,1.1556527614593506
2001-06-08,1.1406440734863281
2001-06-11,1.1264938116073608
2001-06-12,1.114058017730713
2001-06-13,1.0806106328964233
2001-06-14,1.0291529893875122
2001-06-15,1.0398727655410767
2001-06-18,1.0334409475326538
2001-06-19,0.9755510687828064
2001-06-20,0.9909884929656982
2001-06-21,0.9969916343688965
2001-06-22,1.0162887573242188
2001-06-25,1.012000560760498
2001-06-26,1.0372999906539917
2001-06-27,1.0287235975265503
2001-06-28,1.012000560760498
2001-06-29,1.0128573179244995
2001-07-02,1.0291529893875122
2001-07-03,1.028295636177063
2001-07-04,1.028295636177063
2001-07-05,0.9875574707984924
2001-07-06,0.9759802222251892
2001-07-09,0.975121796131134
2001-07-10,0.9686900973320007
2001-07-11,0.9403883814811707
2001-07-12,0.9296681880950928
2001-07-13,0.9296681880950928
2001-07-16,0.9193766713142395
2001-07-17,0.9103713631629944
2001-07-18,0.8790682554244995
2001-07-19,0.8662036061286926
2001-07-20,0.8447633385658264
2001-07-23,0.8417614698410034
2001-07-24,0.8310407400131226
2001-07-25,0.8276108503341675
2001-07-26,0.8147459626197815
2001-07-27,0.8400465846061707
2001-07-30,0.8447633385658264
2001-07-31,0.8134590983390808
2001-08-01,0.805741012096405
2001-08-02,0.7984511256217957
2001-08-03,0.7967358827590942
2001-08-06,0.7461358904838562
2001-08-07,0.8233221173286438
2001-08-08,0.8233221173286438
2001-08-09,0.8147459626197815
2001-08-10,0.8147459626197815
2001-08-13,0.8147459626197815
2001-08-14,0.8147459626197815
2001-08-15,0.8018817901611328
2001-08-16,0.7980223894119263
2001-08-17,0.7971646785736084
2001-08-20,0.8018817901611328
2001-08-21,0.8018817901611328
2001-08-22,0.8014526963233948
2001-08-23,0.7911611795425415
2001-08-24,0.8018817901611328
2001-08-27,0.7975932359695435
2001-08-28,0.7988893985748291
2001-08-29,0.7988893985748291
2001-08-30,0.7988893985748291
2001-08-31,0.7958661317825317
2001-09-03,0.7945705652236938
2001-09-04,0.7945705652236938
2001-09-05,0.8075259327888489
2001-09-06,0.8170254826545715
2001-09-07,0.7962979078292847
2001-09-10,0.7962979078292847
2001-09-11,0.7945705652236938
2001-09-12,0.7945705652236938
2001-09-13,0.7945705652236938
2001-09-14,0.7945705652236938
2001-09-17,0.7764341831207275
2001-09-18,0.7427507638931274
2001-09-19,0.7211591005325317
2001-09-20,0.6486114859580994
2001-09-21,0.6261560320854187
2001-09-24,0.6499067544937134
2001-09-25,0.6261560320854187
2001-09-26,0.6028373837471008
2001-09-27,0.6067234873771667
2001-09-28,0.5825412273406982
2001-10-01,0.5747681260108948
2001-10-02,0.5760637521743774
2001-10-03,0.5751998424530029
2001-10-04,0.6002463698387146
2001-10-05,0.6196786761283875
2001-10-08,0.6132014393806458
2001-10-09,0.6132014393806458
2001-10-10,0.6002463698387146
2001-10-11,0.5829729437828064
2001-10-12,0.5834051370620728
2001-10-15,0.5618131756782532
2001-10-16,0.5605179667472839
2001-10-17,0.5484264492988586
2001-10-18,0.542380690574646
2001-10-19,0.5397899746894836
2001-10-22,0.5108568668365479
2001-10-23,0.5138801336288452
2001-10-24,0.49833399057388306
2001-10-25,0.49228835105895996
2001-10-26,0.475014865398407
2001-10-29,0.46896958351135254
2001-10-30,0.46637824177742004
2001-10-31,0.46637824177742004
2001-11-01,0.4685376286506653
2001-11-02,0.4685376286506653
2001-11-05,0.4685376286506653
2001-11-06,0.46810582280158997
2001-11-07,0.4318317174911499
2001-11-08,0.4288090765476227
2001-11-09,0.43658196926116943
2001-11-12,0.42319509387016296
2001-11-13,0.4482415020465851
2001-11-14,0.45601433515548706
2001-11-15,0.4715600907802582
2001-11-16,0.4555824100971222
2001-11-19,0.44478702545166016
2001-11-20,0.44478702545166016
2001-11-21,0.44478702545166016
2001-11-22,0.4443550705909729
2001-11-23,0.43830904364585876
2001-11-26,0.44003650546073914
2001-11-27,0.4318317174911499
2001-11-28,0.424393892288208
2001-11-29,0.4200189411640167
2001-11-30,0.46770864725112915
2001-12-03,0.4519578218460083
2001-12-04,0.43883216381073
2001-12-05,0.4335819184780121
2001-12-06,0.4287692904472351
2001-12-07,0.4287692904472351
2001-12-10,0.424393892288208
2001-12-11,0.4340195655822754
2001-12-12,0.4340195655822754
2001-12-13,0.41870632767677307
2001-12-14,0.42789411544799805
2001-12-17,0.424393892288208
2001-12-18,0.424393892288208
2001-12-19,0.4222066104412079
2001-12-20,0.4134562611579895
2001-12-21,0.41389337182044983
2001-12-24,0.41389337182044983
2001-12-25,0.41389337182044983
2001-12-26,0.41476893424987793
2001-12-27,0.4068930149078369
2001-12-28,0.4003303349018097
2001-12-31,0.39376792311668396
2002-01-01,0.39376792311668396
2002-01-02,0.3915799856185913
2002-01-03,0.3915799856185913
2002-01-04,0.4068930149078369
2002-01-07,0.41520628333091736
2002-01-08,0.46377092599868774
2002-01-09,0.5031477808952332
2002-01-10,0.49614760279655457
2002-01-11,0.49308475852012634
2002-01-14,0.4812715947628021
2002-01-15,0.5044602155685425
2002-01-16,0.5009600520133972
2002-01-17,0.5328992605209351
2002-01-18,0.5727131366729736
2002-01-21,0.581901490688324
2002-01-22,0.5840890407562256
2002-01-23,0.624340295791626
2002-01-24,0.6134024262428284
2002-01-25,0.6212779879570007
2002-01-28,0.668092668056488
2002-01-29,0.6694052219390869
2002-01-30,0.6632800102233887
2002-01-31,0.6610923409461975
2002-02-01,0.6497167348861694
2002-02-04,0.6435914635658264
2002-02-05,0.6435914635658264
2002-02-06,0.6435914635658264
2002-02-07,0.6300285458564758
2002-02-08,0.6256530284881592
2002-02-11,0.6029021739959717
2002-02-12,0.6169030070304871
2002-02-13,0.6540920734405518
2002-02-14,0.6672177314758301
2002-02-15,0.6475294828414917
2002-02-18,0.6392161846160889
2002-02-19,0.6112147569656372
2002-02-20,0.6116524338722229
2002-02-21,0.6138402223587036
2002-02-22,0.6007146835327148
2002-02-25,0.6064023971557617
2002-02-26,0.6024644374847412
2002-02-27,0.5919641852378845
2002-02-28,0.5578378438949585
2002-03-01,0.5683382153511047
2002-03-04,0.5950269103050232
2002-03-05,0.6037775278091431
2002-03-06,0.6037775278091431
2002-03-07,0.6037775278091431
2002-03-08,0.6094646453857422
2002-03-11,0.5998396873474121
2002-03-12,0.5897762775421143
2002-03-13,0.5897762775421143
2002-03-14,0.5994020104408264
2002-03-15,0.605964720249176
2002-03-18,0.6392161846160889
2002-03-19,0.6593422293663025
2002-03-20,0.6545297503471375
2002-03-21,0.6545297503471375
2002-03-22,0.6475294828414917
2002-03-25,0.6348410844802856
2002-03-26,0.6256530284881592
2002-03-27,0.6169030070304871
2002-03-28,0.6169030070304871
2002-03-29,0.6169030070304871
2002-04-01,0.6304657459259033
2002-04-02,0.6304657459259033
2002-04-03,0.6169030070304871
2002-04-04,0.6120901107788086
2002-04-05,0.6396536231040955
2002-04-08,0.6287157535552979
2002-04-09,0.6138402223587036
2002-04-10,0.6352788209915161
2002-04-11,0.6169030070304871
2002-04-12,0.6164650321006775
2002-04-15,0.6155902147293091
2002-04-16,0.6125276684761047
2002-04-17,0.6348410844802856
2002-04-18,0.6427163481712341
2002-04-19,0.6912810206413269
2002-04-22,0.7109699845314026
2002-04-23,0.7201574444770813
2002-04-24,0.7170950174331665
2002-04-25,0.6912810206413269
2002-04-26,0.7477211952209473
2002-04-29,0.7717846632003784
2002-04-30,0.7730973958969116
2002-05-01,0.7730973958969116
2002-05-02,0.7586593627929688
2002-05-03,0.7700347304344177
2002-05-06,0.7805351614952087
2002-05-07,0.7573465704917908
2002-05-08,0.7695969939231873
2002-05-09,0.7380959987640381
2002-05-10,0.7240948677062988
2002-05-13,0.7280327677726746
2002-05-14,0.7446587085723877
2002-05-15,0.7700347304344177
2002-05-16,0.826912522315979
2002-05-17,0.7779102921485901
2002-05-20,0.7765973210334778
2002-05-21,0.7660968899726868
2002-05-22,0.7481589913368225
2002-05-23,0.7586593627929688
2002-05-24,0.7586593627929688
2002-05-27,0.7525339126586914
2002-05-28,0.7442212104797363
2002-05-29,0.7284703254699707
2002-05-30,0.7503461837768555
2002-05-31,0.7551594376564026
2002-06-03,0.735908031463623
2002-06-04,0.7254073023796082
2002-06-05,0.6925938725471497
2002-06-06,0.6667802929878235
2002-06-07,0.6794683337211609
2002-06-10,0.7184070944786072
2002-06-11,0.7219074368476868
2002-06-12,0.7210326194763184
2002-06-13,0.7236574292182922
2002-06-14,0.7004690766334534
2002-06-17,0.7170950174331665
2002-06-18,0.6960939168930054
2002-06-19,0.7061566114425659
2002-06-20,0.6978439092636108
2002-06-21,0.6357160210609436
2002-06-24,0.64096599817276
2002-06-25,0.5805886387825012
2002-06-26,0.5683382153511047
2002-06-27,0.6020273566246033
2002-06-28,0.6217154860496521
2002-07-01,0.6169030070304871
2002-07-02,0.6037775278091431
2002-07-03,0.6173402070999146
2002-07-04,0.6164650321006775
2002-07-05,0.6015897989273071
2002-07-08,0.5906515717506409
2002-07-09,0.5840890407562256
2002-07-10,0.5906515717506409
2002-07-11,0.601152241230011
2002-07-12,0.6050899028778076
2002-07-15,0.6431539058685303
2002-07-16,0.6969688534736633
2002-07-17,0.6956561803817749
2002-07-18,0.6877811551094055
2002-07-19,0.6510292887687683
2002-07-22,0.6431539058685303
2002-07-23,0.6221529841423035
2002-07-24,0.6217154860496521
2002-07-25,0.6212779879570007
2002-07-26,0.6357160210609436
2002-07-29,0.6781553030014038
2002-07-30,0.6519040465354919
2002-07-31,0.6387790441513062
2002-08-01,0.5775258541107178
2002-08-02,0.5994020104408264
2002-08-05,0.5792760252952576
2002-08-06,0.5495244264602661
2002-08-07,0.5687754154205322
2002-08-08,0.5687754154205322
2002-08-09,0.5272108912467957
2002-08-12,0.4922095835208893
2002-08-13,0.47952163219451904
2002-08-14,0.5031477808952332
2002-08-15,0.4747089743614197
2002-08-16,0.46377092599868774
2002-08-19,0.4803968667984009
2002-08-20,0.5092726349830627
2002-08-21,0.5245862603187561
2002-08-22,0.517585277557373
2002-08-23,0.4992099106311798
2002-08-26,0.49833470582962036
2002-08-27,0.48258405923843384
2002-08-28,0.4900219142436981
2002-08-29,0.4838969111442566
2002-08-30,0.49745988845825195
2002-09-02,0.4987722933292389
2002-09-03,0.48477184772491455
2002-09-04,0.4904595613479614
2002-09-05,0.4878341853618622
2002-09-06,0.4908972382545471
2002-09-09,0.4943973422050476
2002-09-10,0.5075229406356812
2002-09-11,0.5337740778923035
2002-09-12,0.5101480484008789
2002-09-13,0.5167105197906494
2002-09-16,0.5167105197906494
2002-09-17,0.4882719814777374
2002-09-18,0.4917720854282379
2002-09-19,0.4471454322338104
2002-09-20,0.4392697811126709
2002-09-23,0.44014453887939453
2002-09-24,0.4467076361179352
2002-09-25,0.4593958258628845
2002-09-26,0.47602152824401855
2002-09-27,0.47339633107185364
2002-09-30,0.44802016019821167
2002-10-01,0.44364500045776367
2002-10-02,0.4383944272994995
2002-10-03,0.4383944272994995
2002-10-04,0.44014453887939453
2002-10-07,0.44014453887939453
2002-10-08,0.4331442415714264
2002-10-09,0.42789411544799805
2002-10-10,0.41564351320266724
2002-10-11,0.43751978874206543
2002-10-14,0.4467076361179352
2002-10-15,0.47208356857299805
2002-10-16,0.4725213646888733
2002-10-17,0.47558364272117615
2002-10-18,0.455020546913147
2002-10-21,0.4593958258628845
2002-10-22,0.4418945610523224
2002-10-23,0.43751978874206543
2002-10-24,0.4318317174911499
2002-10-25,0.424393892288208
2002-10-28,0.4506453275680542
2002-10-29,0.4383944272994995
2002-10-30,0.4484577476978302
2002-10-31,0.43708205223083496
2002-11-01,0.4331442415714264
2002-11-04,0.43708205223083496
2002-11-05,0.4558955430984497
2002-11-06,0.47164642810821533
2002-11-07,0.4506453275680542
2002-11-08,0.4558955430984497
2002-11-11,0.4725213646888733
2002-11-12,0.46814632415771484
2002-11-13,0.44014453887939453
2002-11-14,0.42964404821395874
2002-11-15,0.43445709347724915
2002-11-18,0.4287692904472351
2002-11-19,0.4300818145275116
2002-11-20,0.4300818145275116
2002-11-21,0.4331442415714264
2002-11-22,0.4418945610523224
2002-11-25,0.4397073984146118
2002-11-26,0.4322693645954132
2002-11-27,0.4633331000804901
2002-11-28,0.5075229406356812
2002-11-29,0.5171484351158142
2002-12-02,0.50533527135849
2002-12-03,0.49658480286598206
2002-12-04,0.5232737064361572
2002-12-05,0.5202108025550842
2002-12-06,0.5180231928825378
2002-12-09,0.5140852928161621
2002-12-10,0.5044602155685425
2002-12-11,0.5110230445861816
2002-12-12,0.5110230445861816
2002-12-13,0.5035848617553711
2002-12-16,0.49702247977256775
2002-12-17,0.5118980407714844
2002-12-18,0.5118980407714844
2002-12-19,0.5118980407714844
2002-12-20,0.5140852928161621
2002-12-23,0.5223985314369202
2002-12-24,0.5223985314369202
2002-12-25,0.5223985314369202
2002-12-26,0.5188984274864197
2002-12-27,0.5188984274864197
2002-12-30,0.5158354043960571
2002-12-31,0.5031477808952332
2003-01-01,0.5031477808952332
2003-01-02,0.5228362679481506
2003-01-03,0.5180231928825378
2003-01-06,0.5206487774848938
2003-01-07,0.5145231485366821
2003-01-08,0.5097101926803589
2003-01-09,0.5162733793258667
2003-01-10,0.5206487774848938
2003-01-13,0.5145231485366821
2003-01-14,0.5355240106582642
2003-01-15,0.5639628171920776
2003-01-16,0.5617750883102417
2003-01-17,0.5652754306793213
2003-01-20,0.5679004788398743
2003-01-21,0.546899676322937
2003-01-22,0.5324614644050598
2003-01-23,0.5337740778923035
2003-01-24,0.5245862603187561
2003-01-27,0.5062106251716614
2003-01-28,0.5149606466293335
2003-01-29,0.525023341178894
2003-01-30,0.5438371300697327
2003-01-31,0.5622127652168274
2003-02-03,0.5543376207351685
2003-02-04,0.5525875091552734
2003-02-05,0.5525875091552734
2003-02-06,0.5447118878364563
2003-02-07,0.5425243377685547
2003-02-10,0.5488712787628174
2003-02-11,0.5413345694541931
2003-02-12,0.5475410223007202
2003-02-13,0.5435506105422974
2003-02-14,0.5275901556015015
2003-02-17,0.5342406630516052
2003-02-18,0.5643887519836426
2003-02-19,0.5719258785247803
2003-02-20,0.5768027901649475
2003-02-21,0.5940932631492615
2003-02-24,0.5940932631492615
2003-02-25,0.5750292539596558
2003-02-26,0.5697094202041626
2003-02-27,0.5630585551261902
2003-02-28,0.5679354667663574
2003-03-03,0.5816798210144043
2003-03-04,0.5719258785247803
2003-03-05,0.5674921870231628
2003-03-06,0.5586252212524414
2003-03-07,0.5723690986633301
2003-03-10,0.5719258785247803
2003-03-11,0.5586252212524414
2003-03-12,0.575916051864624
2003-03-13,0.5524182319641113
2003-03-14,0.5541917681694031
2003-03-17,0.5674921870231628
2003-03-18,0.5626155138015747
2003-03-19,0.5869997143745422
2003-03-20,0.5874429941177368
2003-03-21,0.5874429941177368
2003-03-24,0.583009660243988
2003-03-25,0.5674921870231628
2003-03-26,0.5745860934257507
2003-03-27,0.5750292539596558
2003-03-28,0.570595920085907
2003-03-31,0.5648320913314819
2003-04-01,0.5714821219444275
2003-04-02,0.583009660243988
2003-04-03,0.5719258785247803
2003-04-04,0.583009660243988
2003-04-07,0.5807926654815674
2003-04-08,0.5661624073982239
2003-04-09,0.5723690986633301
2003-04-10,0.5719258785247803
2003-04-11,0.571039080619812
2003-04-14,0.570595920085907
2003-04-15,0.5794629454612732
2003-04-16,0.5794629454612732
2003-04-17,0.5794629454612732
2003-04-18,0.5794629454612732
2003-04-21,0.570595920085907
2003-04-22,0.5692654848098755
2003-04-23,0.5599549412727356
2003-04-24,0.5470977425575256
2003-04-25,0.5479846596717834
2003-04-28,0.5439943671226501
2003-04-29,0.5603981614112854
2003-04-30,0.5723690986633301
2003-05-01,0.5723690986633301
2003-05-02,0.5657193660736084
2003-05-05,0.5586252212524414
2003-05-06,0.5683785676956177
2003-05-07,0.583452582359314
2003-05-08,0.5732555985450745
2003-05-09,0.5763590931892395
2003-05-12,0.5852262377738953
2003-05-13,0.5918765068054199
2003-05-14,0.61980801820755
2003-05-15,0.6424189209938049
2003-05-16,0.6317787170410156
2003-05-19,0.6300050616264343
2003-05-20,0.6260150074958801
2003-05-21,0.6437492370605469
2003-05-22,0.6410890221595764
2003-05-23,0.6406458020210266
2003-05-26,0.6273448467254639
2003-05-27,0.633995771408081
2003-05-28,0.6393148899078369
2003-05-29,0.6583797931671143
2003-05-30,0.689414918422699
2003-06-02,0.7044882774353027
2003-06-03,0.7031581997871399
2003-06-04,0.7080346345901489
2003-06-05,0.7053751945495605
2003-06-06,0.7089219093322754
2003-06-09,0.6960645914077759
2003-06-10,0.7093660831451416
2003-06-11,0.7226659655570984
2003-06-12,0.7137989401817322
2003-06-13,0.7120251059532166
2003-06-16,0.7093660831451416
2003-06-17,0.7239956855773926
2003-06-18,0.7315326929092407
2003-06-19,0.6996113061904907
2003-06-20,0.6827640533447266
2003-06-23,0.6738973259925842
2003-06-24,0.7013855576515198
2003-06-25,0.696951687335968
2003-06-26,0.704931378364563
2003-06-27,0.7182326316833496
2003-06-30,0.7093660831451416
2003-07-01,0.7093660831451416
2003-07-02,0.704931378364563
2003-07-03,0.7067049741744995
2003-07-04,0.7067049741744995
2003-07-07,0.7177895307540894
2003-07-08,0.7160155177116394
2003-07-09,0.7098092436790466
2003-07-10,0.7169020771980286
2003-07-11,0.7164592146873474
2003-07-14,0.719119131565094
2003-07-15,0.7058188915252686
2003-07-16,0.696951687335968
2003-07-17,0.696951687335968
2003-07-18,0.6960645914077759
2003-07-21,0.6934052109718323
2003-07-22,0.7022716403007507
2003-07-23,0.702714741230011
2003-07-24,0.7022716403007507
2003-07-25,0.7248826026916504
2003-07-28,0.7324199080467224
2003-07-29,0.7293162941932678
2003-07-30,0.7213361263275146
2003-07-31,0.7204492092132568
2003-08-01,0.7004983425140381
2003-08-04,0.7129119038581848
2003-08-05,0.704931378364563
2003-08-06,0.689414918422699
2003-08-07,0.6725672483444214
2003-08-08,0.6871973872184753
2003-08-11,0.6987247467041016
2003-08-12,0.6982815861701965
2003-08-13,0.696951687335968
2003-08-14,0.7031581997871399
2003-08-15,0.6787737011909485
2003-08-18,0.6787737011909485
2003-08-19,0.6911875009536743
2003-08-20,0.6858679056167603
2003-08-21,0.6960645914077759
2003-08-22,0.6996113061904907
2003-08-25,0.6996113061904907
2003-08-26,0.689414918422699
2003-08-27,0.6827640533447266
2003-08-28,0.6823205351829529
2003-08-29,0.6703503131866455
2003-09-01,0.6650304198265076
2003-09-02,0.6694638729095459
2003-09-03,0.6863111853599548
2003-09-04,0.6987247467041016
2003-09-05,0.7270994782447815
2003-09-08,0.7492671608924866
2003-09-09,0.7412871718406677
2003-09-10,0.7404002547264099
2003-09-11,0.7381833791732788
2003-09-12,0.6619268655776978
2003-09-15,0.6455227732658386
2003-09-16,0.6455227732658386
2003-09-17,0.6650304198265076
2003-09-18,0.6650304198265076
2003-09-19,0.6681329607963562
2003-09-22,0.6605966091156006
2003-09-23,0.6738973259925842
2003-09-24,0.6938483715057373
2003-09-25,0.7124687433242798
2003-09-26,0.753700852394104
2003-09-29,0.7887254953384399
2003-09-30,0.7878386974334717
2003-10-01,0.7816321849822998
2003-10-02,0.7780847549438477
2003-10-03,0.8033562302589417
2003-10-06,0.8379377722740173
2003-10-07,0.8042426109313965
2003-10-08,0.7798585891723633
2003-10-09,0.7891690135002136
2003-10-10,0.7967059016227722
2003-10-13,0.820203959941864
2003-10-14,0.8392675518989563
2003-10-15,0.8437013626098633
2003-10-16,0.8312877416610718
2003-10-17,0.8046868443489075
2003-10-20,0.8157702088356018
2003-10-21,0.8060163259506226
2003-10-22,0.8002530932426453
2003-10-23,0.7860655188560486
2003-10-24,0.7541437745094299
2003-10-27,0.7683314085006714
2003-10-28,0.7785282135009766
2003-10-29,0.8073464632034302
2003-10-30,0.8623224496841431
2003-10-31,0.8649829030036926
2003-11-03,0.876066267490387
2003-11-04,0.891140341758728
2003-11-05,0.9044408202171326
2003-11-06,0.9310424327850342
2003-11-07,0.9425688982009888
2003-11-10,0.9075443148612976
2003-11-11,0.9212883114814758
2003-11-12,0.9332589507102966
2003-11-13,0.9310424327850342
2003-11-14,0.9527666568756104
2003-11-17,0.8995640277862549
2003-11-18,0.9039977192878723
2003-11-19,0.8871499300003052
2003-11-20,0.8871499300003052
2003-11-21,0.8756228089332581
2003-11-24,0.8516813516616821
2003-11-25,0.8636521100997925
2003-11-26,0.8778398036956787
2003-11-27,0.8822730183601379
2003-11-28,0.9141945838928223
2003-12-01,0.9673970937728882
2003-12-02,0.9869044423103333
2003-12-03,1.0028655529022217
2003-12-04,0.9749345779418945
2003-12-05,1.0090728998184204
2003-12-08,1.0627180337905884
2003-12-09,1.0906494855880737
2003-12-10,1.06227445602417
2003-12-11,1.0773485898971558
2003-12-12,1.0773485898971558
2003-12-15,1.0618317127227783
2003-12-16,1.0862153768539429
2003-12-17,1.1487294435501099
2003-12-18,1.227202296257019
2003-12-19,1.233852744102478
2003-12-22,1.2165615558624268
2003-12-23,1.2103545665740967
2003-12-24,1.2072514295578003
2003-12-25,1.2072514295578003
2003-12-26,1.1970537900924683
2003-12-29,1.2413889169692993
2003-12-30,1.2728676795959473
2003-12-31,1.2781877517700195
2004-01-01,1.2781877517700195
2004-01-02,1.2923749685287476
2004-01-05,1.3504540920257568
2004-01-06,1.3442471027374268
2004-01-07,1.3411438465118408
2004-01-08,1.3628689050674438
2004-01-09,1.3668590784072876
2004-01-12,1.3371541500091553
2004-01-13,1.3185324668884277
2004-01-14,1.3300608396530151
2004-01-15,1.3047897815704346
2004-01-16,1.317645788192749
2004-01-19,1.3172028064727783
2004-01-20,1.36552894115448
2004-01-21,1.4244941473007202
2004-01-22,1.461291790008545
2004-01-23,1.4174010753631592
2004-01-26,1.4892237186431885
2004-01-27,1.5175985097885132
2004-01-28,1.5450859069824219
2004-01-29,1.5189290046691895
2004-01-30,1.5091750621795654
2004-02-02,1.600506067276001
2004-02-03,1.5934118032455444
2004-02-04,1.6040526628494263
2004-02-05,1.6040526628494263
2004-02-06,1.651047706604004
2004-02-09,1.7281923294067383
2004-02-10,1.741934895515442
2004-02-11,1.8248428106307983
2004-02-12,1.8909024000167847
2004-02-13,1.8993266820907593
2004-02-16,1.8886853456497192
2004-02-17,1.9339065551757812
2004-02-18,1.9241536855697632
2004-02-19,1.9073060750961304
2004-02-20,1.8518871068954468
2004-02-23,1.8177493810653687
2004-02-24,1.8226264715194702
2004-02-25,1.8279457092285156
2004-02-26,1.8793742656707764
2004-02-27,1.8674039840698242
2004-03-01,1.9449914693832397
2004-03-02,1.9494245052337646
2004-03-03,1.8815922737121582
2004-03-04,1.8988831043243408
2004-03-05,1.884251356124878
2004-03-08,1.828833818435669
2004-03-09,1.7844970226287842
2004-03-10,1.7250878810882568
2004-03-11,1.6612452268600464
2004-03-12,1.6953829526901245
2004-03-15,1.705580234527588
2004-03-16,1.7290781736373901
2004-03-17,1.7924772500991821
2004-03-18,1.800014853477478
2004-03-19,1.811985731124878
2004-03-22,1.7392762899398804
2004-03-23,1.749029278755188
2004-03-24,1.7645460367202759
2004-03-25,1.767207384109497
2004-03-26,1.7787339687347412
2004-03-29,1.7667635679244995
2004-03-30,1.7570091485977173
2004-03-31,1.7889314889907837
2004-04-01,1.8594255447387695
2004-04-02,1.8589813709259033
2004-04-05,1.801344633102417
2004-04-06,1.7969110012054443
2004-04-07,1.7964682579040527
2004-04-08,1.7964682579040527
2004-04-09,1.7964682579040527
2004-04-12,1.778290867805481
2004-04-13,1.764103651046753
2004-04-14,1.732181191444397
2004-04-15,1.7476997375488281
2004-04-16,1.8270593881607056
2004-04-19,1.8239556550979614
2004-04-20,1.8133152723312378
2004-04-21,1.7450388669967651
2004-04-22,1.7441517114639282
2004-04-23,1.7441517114639282
2004-04-26,1.7197675704956055
2004-04-27,1.6541515588760376
2004-04-28,1.5136085748672485
2004-04-29,1.4595204591751099
2004-04-30,1.4945449829101562
2004-05-03,1.5375492572784424
2004-05-04,1.589864730834961
2004-05-05,1.5570569038391113
2004-05-06,1.5246920585632324
2004-05-07,1.484790563583374
2004-05-10,1.4275978803634644
2004-05-11,1.474149227142334
2004-05-12,1.4861211776733398
2004-05-13,1.4856772422790527
2004-05-14,1.4639532566070557
2004-05-17,1.4165143966674805
2004-05-18,1.418731451034546
2004-05-19,1.4546427726745605
2004-05-20,1.4408984184265137
2004-05-21,1.496317982673645
2004-05-24,1.4887808561325073
2004-05-25,1.4972038269042969
2004-05-26,1.4941006898880005
2004-05-27,1.5277960300445557
2004-05-28,1.5122780799865723
2004-05-31,1.5340029001235962
2004-06-01,1.5459731817245483
2004-06-02,1.530899167060852
2004-06-03,1.4972038269042969
2004-06-04,1.5087318420410156
2004-06-07,1.586761713027954
2004-06-08,1.5934118032455444
2004-06-09,1.5473036766052246
2004-06-10,1.5384360551834106
2004-06-11,1.5384360551834106
2004-06-14,1.5207017660140991
2004-06-15,1.5539538860321045
2004-06-16,1.5366625785827637
2004-06-17,1.5499637126922607
2004-06-18,1.5836580991744995
2004-06-21,1.5796687602996826
2004-06-22,1.5486332178115845
2004-06-23,1.5916392803192139
2004-06-24,1.609815001487732
2004-06-25,1.5969585180282593
2004-06-28,1.5796687602996826
2004-06-29,1.5685839653015137
2004-06-30,1.59518563747406
2004-07-01,1.5787816047668457
2004-07-02,1.581884503364563
2004-07-05,1.5823286771774292
2004-07-06,1.5836580991744995
2004-07-07,1.6089292764663696
2004-07-08,1.5965150594711304
2004-07-09,1.6271075010299683
2004-07-12,1.6670092344284058
2004-07-13,1.6758755445480347
2004-07-14,1.65282142162323
2004-07-15,1.5916392803192139
2004-07-16,1.5916392803192139
2004-07-19,1.5690275430679321
2004-07-20,1.6084848642349243
2004-07-21,1.6013920307159424
2004-07-22,1.5783380270004272
2004-07-23,1.5965150594711304
2004-07-26,1.560604214668274
2004-07-27,1.609815001487732
2004-07-28,1.605381965637207
2004-07-29,1.6226733922958374
2004-07-30,1.6962693929672241
2004-08-02,1.7069106101989746
2004-08-03,1.7210975885391235
2004-08-04,1.6851863861083984
2004-08-05,1.7077975273132324
2004-08-06,1.6962693929672241
2004-08-09,1.686959981918335
2004-08-10,1.7100144624710083
2004-08-11,1.7069106101989746
2004-08-12,1.6789798736572266
2004-08-13,1.7007032632827759
2004-08-16,1.7680939435958862
2004-08-17,1.7742998600006104
2004-08-18,1.7516889572143555
2004-08-19,1.759669542312622
2004-08-20,1.7844970226287842
2004-08-23,1.7813937664031982
2004-08-24,1.801788330078125
2004-08-25,1.8075511455535889
2004-08-26,1.801788330078125
2004-08-27,1.7889314889907837
2004-08-30,1.7760732173919678
2004-08-31,1.801344633102417
2004-09-01,1.8279457092285156
2004-09-02,1.8314920663833618
2004-09-03,1.8314920663833618
2004-09-06,1.8310492038726807
2004-09-07,1.861641526222229
2004-09-08,1.8687347173690796
2004-09-09,1.8478971719741821
2004-09-10,1.8434635400772095
2004-09-13,1.8399163484573364
2004-09-14,1.861641526222229
2004-09-15,1.870951533317566
2004-09-16,1.870951533317566
2004-09-17,1.9095234870910645
2004-09-20,1.9263707399368286
2004-09-21,1.9476513862609863
2004-09-22,1.948094367980957
2004-09-23,1.9627251625061035
2004-09-24,1.9902141094207764
2004-09-27,1.9782435894012451
2004-09-28,2.0376524925231934
2004-09-29,2.034992218017578
2004-09-30,2.0372095108032227
2004-10-01,2.0819873809814453
2004-10-04,2.1130220890045166
2004-10-05,2.0908546447753906
2004-10-06,2.101052761077881
2004-10-07,2.1014952659606934
2004-10-08,2.1365208625793457
2004-10-11,2.150707721710205
2004-10-12,2.1280970573425293
2004-10-13,2.027013063430786
2004-10-14,2.018145799636841
2004-10-15,2.050952672958374
2004-10-18,2.0389816761016846
2004-10-19,2.0283420085906982
2004-10-20,2.0221357345581055
2004-10-21,2.0443027019500732
2004-10-22,2.1546974182128906
2004-10-25,2.1817426681518555
2004-10-26,2.1923818588256836
2004-10-27,2.153367042541504
2004-10-28,2.1028246879577637
2004-10-29,2.1130220890045166
2004-11-01,2.1396238803863525
2004-11-02,2.1174564361572266
2004-11-03,2.1130220890045166
2004-11-04,2.1644508838653564
2004-11-05,2.211446523666382
2004-11-08,2.2411510944366455
2004-11-09,2.2611024379730225
2004-11-10,2.3049941062927246
2004-11-11,2.330266237258911
2004-11-12,2.3134188652038574
2004-11-15,2.3227286338806152
2004-11-16,2.3258326053619385
2004-11-17,2.3883442878723145
2004-11-18,2.392778158187866
2004-11-19,2.349329948425293
2004-11-22,2.365734100341797
2004-11-23,2.3475561141967773
2004-11-24,2.3883442878723145
2004-11-25,2.4016456604003906
2004-11-26,2.410069704055786
2004-11-29,2.4251439571380615
2004-11-30,2.4056360721588135
2004-12-01,2.4207091331481934
2004-12-02,2.3338115215301514
2004-12-03,2.3284921646118164
2004-12-06,2.3178529739379883
2004-12-07,2.2850441932678223
2004-12-08,2.2451419830322266
2004-12-09,2.2313971519470215
2004-12-10,2.3005611896514893
2004-12-13,2.3497729301452637
2004-12-14,2.359528064727783
2004-12-15,2.4025328159332275
2004-12-16,2.409182548522949
2004-12-17,2.398098945617676
2004-12-20,2.425586700439453
2004-12-21,2.482778310775757
2004-12-22,2.479675769805908
2004-12-23,2.483222246170044
2004-12-24,2.4912021160125732
2004-12-27,2.5053904056549072
2004-12-28,2.502286672592163
2004-12-29,2.4947502613067627
2004-12-30,2.5147006511688232
2004-12-31,2.4925336837768555
2005-01-03,2.5138142108917236
2005-01-04,2.390561819076538
2005-01-05,2.3941075801849365
2005-01-06,2.4211533069610596
2005-01-07,2.4162755012512207
2005-01-10,2.4211533069610596
2005-01-11,2.399871349334717
2005-01-12,2.400758743286133
2005-01-13,2.4020895957946777
2005-01-14,2.425586700439453
2005-01-17,2.4180490970611572
2005-01-18,2.482778310775757
2005-01-19,2.446866750717163
2005-01-20,2.383911609649658
2005-01-21,2.3954381942749023
2005-01-24,2.4295778274536133
2005-01-25,2.44775390625
2005-01-26,2.5045042037963867
2005-01-27,2.508493661880493
2005-01-28,2.4823355674743652
2005-01-31,2.500070095062256
2005-02-01,2.535536766052246
2005-02-02,2.5483946800231934
2005-02-03,2.5200204849243164
2005-02-04,2.5040600299835205
2005-02-07,2.5271148681640625
2005-02-08,2.5191338062286377
2005-02-09,2.516918420791626
2005-02-10,2.5448496341705322
2005-02-11,2.5333213806152344
2005-02-14,2.5089378356933594
2005-02-15,2.512483835220337
2005-02-16,2.5328779220581055
2005-02-17,2.5359835624694824
2005-02-18,2.571007251739502
2005-02-21,2.5838630199432373
2005-02-22,2.6184449195861816
2005-02-23,2.6508102416992188
2005-02-24,2.6743083000183105
2005-02-25,2.793569564819336
2005-02-28,2.8551948070526123
2005-03-01,2.8090872764587402
2005-03-02,2.7554404735565186
2005-03-03,2.7647523880004883
2005-03-04,2.881354331970215
2005-03-07,2.8325858116149902
2005-03-08,2.816180467605591
2005-03-09,2.7496776580810547
2005-03-10,2.677854061126709
2005-03-11,2.6814019680023193
2005-03-14,2.6047022342681885
2005-03-15,2.78381609916687
2005-03-16,2.7802696228027344
2005-03-17,2.8316993713378906
2005-03-18,2.848102569580078
2005-03-21,2.848102569580078
2005-03-22,2.8720433712005615
2005-03-23,2.742140769958496
2005-03-24,2.742140769958496
2005-03-25,2.742140769958496
2005-03-28,2.6330766677856445
2005-03-29,2.5271148681640625
2005-03-30,2.549281597137451
2005-03-31,2.601597309112549
2005-04-01,2.547508478164673
2005-04-04,2.493420124053955
2005-04-05,2.417163372039795
2005-04-06,2.3949952125549316
2005-04-07,2.4792320728302
2005-04-08,2.508049964904785
2005-04-11,2.51824688911438
2005-04-12,2.520463228225708
2005-04-13,2.437556743621826
2005-04-14,2.2992303371429443
2005-04-15,2.2225303649902344
2005-04-18,2.1875052452087402
2005-04-19,2.336029052734375
2005-04-20,2.2837133407592773
2005-04-21,2.383911609649658
2005-04-22,2.3542070388793945
2005-04-25,2.373271942138672
2005-04-26,2.403418779373169
2005-04-27,2.336472749710083
2005-04-28,2.2362749576568604
2005-04-29,2.2903645038604736
2005-05-02,2.2686398029327393
2005-05-03,2.253122091293335
2005-05-04,2.2597720623016357
2005-05-05,2.2690818309783936
2005-05-06,2.3284921646118164
2005-05-09,2.358196973800659
2005-05-10,2.333369255065918
2005-05-11,2.292581081390381
2005-05-12,2.2154388427734375
2005-05-13,2.2082419395446777
2005-05-16,2.170441150665283
2005-05-17,2.198342800140381
2005-05-18,2.257744312286377
2005-05-19,2.224442720413208
2005-05-20,2.2352442741394043
2005-05-23,2.2883460521698
2005-05-24,2.2937469482421875
2005-05-25,2.3135461807250977
2005-05-26,2.3679986000061035
2005-05-27,2.364849805831909
2005-05-30,2.3666493892669678
2005-05-31,2.30454683303833
2005-06-01,2.3833000659942627
2005-06-02,2.3887012004852295
2005-06-03,2.4044508934020996
2005-06-06,2.39410138130188
2005-06-07,2.344148635864258
2005-06-08,2.3472983837127686
2005-06-09,2.343698740005493
2005-06-10,2.3801493644714355
2005-06-13,2.382849931716919
2005-06-14,2.4148011207580566
2005-06-15,2.466552734375
2005-06-16,2.519205093383789
2005-06-17,2.5232551097869873
2005-06-20,2.503004550933838
2005-06-21,2.455751419067383
2005-06-22,2.4166016578674316
2005-06-23,2.4179515838623047
2005-06-24,2.4247024059295654
2005-06-27,2.3869001865386963
2005-06-28,2.4328019618988037
2005-06-29,2.4260518550872803
2005-06-30,2.370699405670166
2005-07-01,2.3490982055664062
2005-07-04,2.3490982055664062
2005-07-05,2.392300605773926
2005-07-06,2.4220023155212402
2005-07-07,2.4719533920288086
2005-07-08,2.494905471801758
2005-07-11,2.4449524879455566
2005-07-12,2.4449524879455566
2005-07-13,2.494905471801758
2005-07-14,2.5138065814971924
2005-07-15,2.5016558170318604
2005-07-18,2.496253728866577
2005-07-19,2.4935550689697266
2005-07-20,2.569157600402832
2005-07-21,2.5651068687438965
2005-07-22,2.5165045261383057
2005-07-25,2.4733030796051025
2005-07-26,2.4503533840179443
2005-07-27,2.4719533920288086
2005-07-28,2.485454797744751
2005-07-29,2.446303129196167
2005-08-01,2.474653482437134
2005-08-02,2.601559638977051
2005-08-03,2.615060567855835
2005-08-04,2.5975077152252197
2005-08-05,2.578608989715576
2005-08-08,2.605607509613037
2005-08-09,2.5880582332611084
2005-08-10,2.7041642665863037
2005-08-11,2.782466411590576
2005-08-12,2.7932677268981934
2005-08-15,2.802717685699463
2005-08-16,2.740615129470825
2005-08-17,2.7055137157440186
2005-08-18,2.7041642665863037
2005-08-19,2.6785125732421875
2005-08-22,2.737914562225342
2005-08-23,2.7311642169952393
2005-08-24,2.6636626720428467
2005-08-25,2.694711923599243
2005-08-26,2.6879639625549316
2005-08-29,2.631466865539551
2005-08-30,2.609592914581299
2005-08-31,2.5931897163391113
2005-09-01,2.6013920307159424
2005-09-02,2.706650495529175
2005-09-05,2.7394590377807617
2005-09-06,2.6793103218078613
2005-09-07,2.7134852409362793
2005-09-08,2.684779644012451
2005-09-09,2.7052841186523438
2005-09-12,2.684779644012451
2005-09-13,2.6451363563537598
2005-09-14,2.598658800125122
2005-09-15,2.5836219787597656
2005-09-16,2.5836219787597656
2005-09-19,2.6779439449310303
2005-09-20,2.698448657989502
2005-09-21,2.7298898696899414
2005-09-22,2.7339913845062256
2005-09-23,2.714852809906006
2005-09-26,2.8337814807891846
2005-09-27,2.878892183303833
2005-09-28,2.9253690242767334
2005-09-29,2.884359121322632
2005-09-30,2.896662950515747
2005-10-03,2.8734264373779297
2005-10-04,2.9991862773895264
2005-10-05,2.8925604820251465
2005-10-06,2.7572286128997803
2005-10-07,2.8665895462036133
2005-10-10,2.8324146270751953
2005-10-11,2.858386754989624
2005-10-12,2.7654314041137695
2005-10-13,2.709385871887207
2005-10-14,2.6437699794769287
2005-10-17,2.747659921646118
2005-10-18,2.672476291656494
2005-10-19,2.7285218238830566
2005-10-20,2.6601736545562744
2005-10-21,2.7462944984436035
2005-10-24,2.7791030406951904
2005-10-25,2.7982380390167236
2005-10-26,2.8652219772338867
2005-10-27,2.8146426677703857
2005-10-28,2.776367425918579
2005-10-31,2.844717502593994
2005-11-01,2.8939294815063477
2005-11-02,2.9185354709625244
2005-11-03,2.911700487136841
2005-11-04,2.9335715770721436
2005-11-07,2.924004077911377
2005-11-08,2.885728120803833
2005-11-09,2.9171674251556396
2005-11-10,2.9199018478393555
2005-11-11,2.9855170249938965
2005-11-14,2.9855170249938965
2005-11-15,2.9855170249938965
2005-11-16,2.9882519245147705
2005-11-17,3.0278940200805664
2005-11-18,3.0442984104156494
2005-11-21,3.0128579139709473
2005-11-22,3.0032873153686523
2005-11-23,2.9909842014312744
2005-11-24,3.0515241622924805
2005-11-25,3.149061441421509
2005-11-28,3.2089784145355225
2005-11-29,3.136521100997925
2005-11-30,3.1616029739379883
2005-12-01,3.2563533782958984
2005-12-02,3.284221887588501
2005-12-05,3.3176631927490234
2005-12-06,3.3399572372436523
2005-12-07,3.3622515201568604
2005-12-08,3.4026601314544678
2005-12-09,3.4932312965393066
2005-12-12,3.4932312965393066
2005-12-13,3.560112953186035
2005-12-14,3.4235610961914062
2005-12-15,3.4333128929138184
2005-12-16,3.459789514541626
2005-12-19,3.447249412536621
2005-12-20,3.335775852203369
2005-12-21,3.3970866203308105
2005-12-22,3.3970866203308105
2005-12-23,3.4333128929138184
2005-12-26,3.448641061782837
2005-12-27,3.4765093326568604
2005-12-28,3.4848709106445312
2005-12-29,3.5001964569091797
2005-12-30,3.455609083175659
2006-01-02,3.4458541870117188
2006-01-03,3.525277614593506
2006-01-04,3.6813390254974365
2006-01-05,3.575439453125
2006-01-06,3.5656862258911133
2006-01-09,3.5656862258911133
2006-01-10,3.5461783409118652
2006-01-11,3.5419986248016357
2006-01-12,3.465362787246704
2006-01-13,3.5210976600646973
2006-01-16,3.501591920852661
2006-01-17,3.4765093326568604
2006-01-18,3.42634654045105
2006-01-19,3.455609083175659
2006-01-20,3.4165923595428467
2006-01-23,3.459789514541626
2006-01-24,3.579620838165283
2006-01-25,3.621422290802002
2006-01-26,3.7203543186187744
2006-01-27,3.9056739807128906
2006-01-30,3.987881660461426
2006-01-31,4.07845401763916
2006-02-01,4.205252170562744
2006-02-02,4.233120441436768
2006-02-03,4.270740985870361
2006-02-06,4.270740985870361
2006-02-07,4.092388153076172
2006-02-08,4.014355659484863
2006-02-09,4.049191951751709
2006-02-10,4.135581016540527
2006-02-13,4.044888973236084
2006-02-14,4.1216630935668945
2006-02-15,4.037781238555908
2006-02-16,4.063371658325195
2006-02-17,4.059106826782227
2006-02-20,4.037781238555908
2006-02-21,4.079012393951416
2006-02-22,4.076169967651367
2006-02-23,4.06052827835083
2006-02-24,4.067638874053955
2006-02-27,3.9325714111328125
2006-02-28,3.815988063812256
2006-03-01,4.042048454284668
2006-03-02,4.154365539550781
2006-03-03,4.278055191040039
2006-03-06,4.179957389831543
2006-03-07,4.039202690124512
2006-03-08,4.037781238555908
2006-03-09,3.962428569793701
2006-03-10,4.093230247497559
2006-03-13,4.100335597991943
2006-03-14,4.189907550811768
2006-03-15,4.171425819396973
2006-03-16,4.174270153045654
2006-03-17,4.339194297790527
2006-03-20,4.379003047943115
2006-03-21,4.379003047943115
2006-03-22,4.400329113006592
2006-03-23,4.212655544281006
2006-03-24,4.174270153045654
2006-03-27,4.221187114715576
2006-03-28,4.178534030914307
2006-03-29,4.285166263580322
2006-03-30,4.37331485748291
2006-03-31,4.396062850952148
2006-04-03,4.549614429473877
2006-04-04,4.683258056640625
2006-04-05,4.832540988922119
2006-04-06,4.897942543029785
2006-04-07,4.762874603271484
2006-04-10,4.812637805938721
2006-04-11,4.765716552734375
2006-04-12,4.835385799407959
2006-04-13,4.835385799407959
2006-04-14,4.835385799407959
2006-04-17,5.06144380569458
2006-04-18,5.36854362487793
2006-04-19,5.396977424621582
2006-04-20,5.163810729980469
2006-04-21,5.429678440093994
2006-04-24,5.331578254699707
2006-04-25,5.31593656539917
2006-04-26,5.277550220489502
2006-04-27,5.182292938232422
2006-04-28,5.512138843536377
2006-05-01,5.512138843536377
2006-05-02,5.516404151916504
2006-05-03,5.382761478424072
2006-05-04,5.499342441558838
2006-05-05,5.573275089263916
2006-05-08,5.648627281188965
2006-05-09,5.613086223602295
2006-05-10,5.624462604522705
2006-05-11,5.594603538513184
2006-05-12,5.51782751083374
2006-05-15,5.233706951141357
2006-05-16,5.341989040374756
2006-05-17,5.050347328186035
2006-05-18,4.991150379180908
2006-05-19,4.786135196685791
2006-05-22,4.591221809387207
2006-05-23,4.666297912597656
2006-05-24,4.771697998046875
2006-05-25,4.923291206359863
2006-05-26,4.94205904006958
2006-05-29,5.008476734161377
2006-05-30,4.7745842933654785
2006-05-31,4.664856910705566
2006-06-01,4.631649017333984
2006-06-02,4.829446792602539
2006-06-05,4.680737495422363
2006-06-06,4.589779853820801
2006-06-07,4.413638114929199
2006-06-08,4.295247554779053
2006-06-09,4.1595306396484375
2006-06-12,3.8808822631835938
2006-06-13,3.789924383163452
2006-06-14,3.811580181121826
2006-06-15,4.273592472076416
2006-06-16,4.2476043701171875
2006-06-19,4.064244747161865
2006-06-20,4.134988784790039
2006-06-21,4.217283725738525
2006-06-22,4.185519218444824
2006-06-23,4.165308952331543
2006-06-26,4.383319854736328
2006-06-27,4.341447830200195
2006-06-28,4.417969703674316
2006-06-29,4.637426376342773
2006-06-30,4.6677446365356445
2006-07-03,4.833780288696289
2006-07-04,5.009921073913574
2006-07-05,4.7457075119018555
2006-07-06,4.739933490753174
2006-07-07,4.760143280029297
2006-07-10,4.791910171508789
2006-07-11,4.765920639038086
2006-07-12,4.614322662353516
2006-07-13,4.514701843261719
2006-07-14,4.64608907699585
2006-07-17,4.582560062408447
2006-07-18,4.673518180847168
2006-07-19,4.9261794090271
2006-07-20,4.780359745025635
2006-07-21,4.622984886169434
2006-07-24,4.615767478942871
2006-07-25,4.770251274108887
2006-07-26,4.781802654266357
2006-07-27,4.986818313598633
2006-07-28,5.208940029144287
2006-07-31,5.207474708557129
2006-08-01,5.280920505523682
2006-08-02,5.307363510131836
2006-08-03,5.2397894859313965
2006-08-04,5.1531195640563965
2006-08-07,5.111991882324219
2006-08-08,5.120803356170654
2006-08-09,5.067922592163086
2006-08-10,5.040011882781982
2006-08-11,4.98419189453125
2006-08-14,4.962157726287842
2006-08-15,5.022383213043213
2006-08-16,5.113456726074219
2006-08-17,4.993004322052002
2006-08-18,5.048823833465576
2006-08-21,5.070860862731934
2006-08-22,5.092893123626709
2006-08-23,5.100238800048828
2006-08-24,5.066452503204346
2006-08-25,5.114927291870117
2006-08-28,5.114927291870117
2006-08-29,5.08848762512207
2006-08-30,5.051762580871582
2006-08-31,5.113456726074219
2006-09-01,5.203065395355225
2006-09-04,5.244196891784668
2006-09-05,5.347024917602539
2006-09-06,5.292672157287598
2006-09-07,5.186905860900879
2006-09-08,5.158997058868408
2006-09-11,4.98272180557251
2006-09-12,4.987128734588623
2006-09-13,5.019443511962891
2006-09-14,4.994472503662109
2006-09-15,4.9812517166137695
2006-09-18,4.993004322052002
2006-09-19,4.878425598144531
2006-09-20,4.824074745178223
2006-09-21,4.741811275482178
2006-09-22,4.710964679718018
2006-09-25,4.843167781829834
2006-09-26,4.973908424377441
2006-09-27,5.012098789215088
2006-09-28,5.047354698181152
2006-09-29,5.050296306610107
2006-10-02,5.006225109100342
2006-10-03,4.8872389793396
2006-10-04,4.782942771911621
2006-10-05,4.928369522094727
2006-10-06,4.962157726287842
2006-10-09,4.994472503662109
2006-10-10,5.0914225578308105
2006-10-11,5.117866039276123
2006-10-12,5.164873123168945
2006-10-13,5.283860683441162
2006-10-16,5.3705267906188965
2006-10-17,5.427817344665527
2006-10-18,5.439565658569336
2006-10-19,5.62465763092041
2006-10-20,5.626129627227783
2006-10-23,5.579120635986328
2006-10-24,5.570307731628418
2006-10-25,5.608500957489014
2006-10-26,5.59528112411499
2006-10-27,5.504204750061035
2006-10-30,5.41165828704834
2006-10-31,5.523300647735596
2006-11-01,5.486420631408691
2006-11-02,5.486420631408691
2006-11-03,5.6697998046875
2006-11-06,5.942628383636475
2006-11-07,5.915794849395752
2006-11-08,5.763723373413086
2006-11-09,5.911320209503174
2006-11-10,5.684706211090088
2006-11-13,5.601216793060303
2006-11-14,5.520707607269287
2006-11-15,5.526673793792725
2006-11-16,5.478967666625977
2006-11-17,5.426784992218018
2006-11-20,5.426784992218018
2006-11-21,5.678744316101074
2006-11-22,5.775650501251221
2006-11-23,5.7458319664001465
2006-11-24,5.787578105926514
2006-11-27,5.7681965827941895
2006-11-28,5.824845790863037
2006-11-29,5.921756267547607
2006-11-30,5.936665058135986
2006-12-01,5.936665058135986
2006-12-04,5.97095251083374
2006-12-05,6.061898231506348
2006-12-06,6.1319708824157715
2006-12-07,6.176697731018066
2006-12-08,6.044005870819092
2006-12-11,6.109604835510254
2006-12-12,6.109604835510254
2006-12-13,6.017171382904053
2006-12-14,6.130478382110596
2006-12-15,6.091716289520264
2006-12-18,6.145388126373291
2006-12-19,6.067862033843994
2006-12-20,5.963500499725342
2006-12-21,5.856156826019287
2006-12-22,5.808450222015381
2006-12-25,5.808450222015381
2006-12-26,5.859139919281006
2006-12-27,6.036553859710693
2006-12-28,6.018661022186279
2006-12-29,5.900883197784424
2007-01-02,5.894920825958252
2007-01-03,5.683216094970703
2007-01-04,5.58034610748291
2007-01-05,5.544564247131348
2007-01-08,5.653398513793945
2007-01-09,5.647436141967773
2007-01-10,5.772669792175293
2007-01-11,5.881502628326416
2007-01-12,5.9396467208862305
2007-01-15,5.878520965576172
2007-01-16,5.820375442504883
2007-01-17,5.888955593109131
2007-01-18,5.80248498916626
2007-01-19,5.891939163208008
2007-01-22,6.0007734298706055
2007-01-23,6.166259765625
2007-01-24,6.410761833190918
2007-01-25,6.491270542144775
2007-01-26,6.686572074890137
2007-01-29,6.650793552398682
2007-01-30,6.659736156463623
2007-01-31,6.740246772766113
2007-02-01,6.922131538391113
2007-02-02,6.777519702911377
2007-02-05,6.777519702911377
2007-02-07,6.758134841918945
2007-02-08,6.743224620819092
2007-02-09,6.7134108543396
2007-02-12,6.95940637588501
2007-02-13,7.314758777618408
2007-02-14,7.422661781311035
2007-02-15,7.498650550842285
2007-02-16,7.408982276916504
2007-02-19,7.387702941894531
2007-02-20,7.509289264678955
2007-02-21,7.664306163787842
2007-02-22,7.855802059173584
2007-02-23,7.943949222564697
2007-02-26,7.71597957611084
2007-02-27,7.070069789886475
2007-02-28,7.405942440032959
2007-03-01,7.358832836151123
2007-03-02,7.0959062576293945
2007-03-05,6.770671367645264
2007-03-06,6.928730010986328
2007-03-07,7.036635398864746
2007-03-08,7.310195446014404
2007-03-09,7.3801093101501465
2007-03-12,7.361867904663086
2007-03-13,6.997120380401611
2007-03-14,7.146059036254883
2007-03-15,7.290439605712891
2007-03-16,7.325393199920654
2007-03-19,7.325393199920654
2007-03-20,7.655189514160156
2007-03-21,7.693182945251465
2007-03-22,7.559441566467285
2007-03-23,7.434820652008057
2007-03-26,7.4484992027282715
2007-03-27,7.577680587768555
2007-03-28,7.585279941558838
2007-03-29,7.737257957458496
2007-03-30,7.787411212921143
2007-04-02,7.893796920776367
2007-04-03,8.032098770141602
2007-04-04,8.143040657043457
2007-04-09,8.308696746826172
2007-04-10,8.481955528259277
2007-04-11,8.405966758728027
2007-04-12,8.50627326965332
2007-04-13,8.623295783996582
2007-04-16,8.778316497802734
2007-04-17,8.820871353149414
2007-04-18,8.910541534423828
2007-04-19,8.93637466430664
2007-04-20,9.050357818603516
2007-04-23,9.082274436950684
2007-04-24,9.032121658325195
2007-04-25,8.939412117004395
2007-04-26,8.635455131530762
2007-04-27,8.968289375305176
2007-04-30,8.889263153076172
2007-05-02,8.924214363098145
2007-05-03,8.950056076049805
2007-05-04,9.358874320983887
2007-05-07,9.358874320983887
2007-05-08,9.331520080566406
2007-05-09,9.562527656555176
2007-05-10,9.597699165344238
2007-05-11,9.787309646606445
2007-05-14,9.665528297424316
2007-05-15,9.617742538452148
2007-05-16,9.619277954101562
2007-05-17,9.408087730407715
2007-05-18,9.266265869140625
2007-05-21,9.515997886657715
2007-05-22,9.591533660888672
2007-05-23,9.6716947555542
2007-05-24,9.24160099029541
2007-05-25,9.415797233581543
2007-05-28,9.511373519897461
2007-05-29,9.408087730407715
2007-05-30,9.492875099182129
2007-05-31,9.81660270690918
2007-06-01,10.003129005432129
2007-06-04,9.980006217956543
2007-06-05,9.918346405029297
2007-06-06,9.858222007751465
2007-06-07,9.770355224609375
2007-06-08,9.75339412689209
2007-06-11,10.075578689575195
2007-06-12,10.013914108276367
2007-06-13,10.149572372436523
2007-06-14,10.13724136352539
2007-06-15,9.924510955810547
2007-06-18,10.121829986572266
2007-06-19,10.20198917388916
2007-06-20,9.976923942565918
2007-06-21,10.229732513427734
2007-06-22,10.282150268554688
2007-06-25,10.246699333190918
2007-06-26,9.926045417785645
2007-06-27,9.776521682739258
2007-06-28,10.055536270141602
2007-06-29,10.168072700500488
2007-07-02,10.616669654846191
2007-07-03,10.78931999206543
2007-07-04,10.817068099975586
2007-07-05,10.928053855895996
2007-07-06,11.160832405090332
2007-07-09,11.203997611999512
2007-07-10,11.282617568969727
2007-07-11,11.495349884033203
2007-07-12,11.99018669128418
2007-07-13,11.910029411315918
2007-07-16,11.943942070007324
2007-07-17,11.9346923828125
2007-07-18,11.950104713439941
2007-07-19,12.098101615905762
2007-07-20,12.23837661743164
2007-07-23,12.318535804748535
2007-07-24,12.184420585632324
2007-07-25,12.2044677734375
2007-07-26,11.661834716796875
2007-07-27,11.486101150512695
2007-07-30,11.715788841247559
2007-07-31,11.913108825683594
2007-08-01,11.194751739501953
2007-08-02,11.220952987670898
2007-08-03,10.78931999206543
2007-08-06,10.706077575683594
2007-08-07,11.0467529296875
2007-08-08,11.014387130737305
2007-08-09,10.5426664352417
2007-08-10,10.090998649597168
2007-08-13,10.314519882202148
2007-08-14,10.08482837677002
2007-08-15,9.645490646362305
2007-08-16,8.84079647064209
2007-08-17,9.124444007873535
2007-08-20,9.26780891418457
2007-08-21,9.861302375793457
2007-08-22,10.252859115600586
2007-08-23,10.317606925964355
2007-08-24,10.48871898651123
2007-08-27,10.642874717712402
2007-08-28,10.32068920135498
2007-08-29,10.586181640625
2007-08-30,10.520463943481445
2007-08-31,10.80052661895752
2007-09-03,11.248006820678711
2007-09-04,11.171341896057129
2007-09-05,11.22923469543457
2007-09-06,11.399776458740234
2007-09-07,11.032090187072754
2007-09-10,10.985153198242188
2007-09-11,11.257390975952148
2007-09-12,11.532766342163086
2007-09-13,11.740864753723145
2007-09-14,11.814401626586914
2007-09-17,11.646982192993164
2007-09-18,12.041266441345215
2007-09-19,12.127320289611816
2007-09-20,12.252493858337402
2007-09-21,12.330720901489258
2007-09-24,12.438679695129395
2007-09-25,12.449629783630371
2007-09-26,12.299431800842285
2007-09-27,12.465276718139648
2007-09-28,12.288475036621094
2007-10-01,12.612350463867188
2007-10-02,12.84078598022461
2007-10-03,12.599834442138672
2007-10-04,12.593574523925781
2007-10-05,12.63112735748291
2007-10-08,12.507524490356445
2007-10-09,12.735957145690918
2007-10-10,13.347721099853516
2007-10-11,13.244458198547363
2007-10-12,13.909416198730469
2007-10-15,13.998605728149414
2007-10-16,13.709150314331055
2007-10-17,13.854654312133789
2007-10-18,13.781120300292969
2007-10-19,13.335206031799316
2007-10-22,13.469756126403809
2007-10-23,13.840574264526367
2007-10-24,13.779556274414062
2007-10-25,14.022071838378906
2007-10-26,14.830975532531738
2007-10-29,15.168932914733887
2007-10-30,14.943629264831543
2007-10-31,15.128252983093262
2007-11-01,14.549345016479492
2007-11-05,13.37901782989502
2007-11-06,13.978256225585938
2007-11-07,13.422820091247559
2007-11-08,13.02071762084961
2007-11-09,12.172690391540527
2007-11-12,11.160393714904785
2007-11-13,11.77371597290039
2007-11-14,12.366703987121582
2007-11-15,11.686100959777832
2007-11-16,12.208680152893066
2007-11-19,12.208680152893066
2007-11-21,11.121273040771484
2007-11-22,11.15870189666748
2007-11-23,11.673493385314941
2007-11-26,11.338238716125488
2007-11-27,11.288987159729004
2007-11-28,11.857803344726562
2007-11-29,12.208946228027344
2007-11-30,12.1390380859375
2007-12-03,12.213714599609375
2007-12-04,11.811728477478027
2007-12-05,12.073892593383789
2007-12-06,12.051645278930664
2007-12-07,12.355121612548828
2007-12-10,12.202593803405762
2007-12-11,11.829207420349121
2007-12-12,11.829207420349121
2007-12-13,11.379549980163574
2007-12-14,11.049065589904785
2007-12-17,10.170411109924316
2007-12-18,10.369028091430664
2007-12-19,10.383325576782227
2007-12-20,10.440524101257324
2007-12-21,10.716987609863281
2007-12-24,11.076074600219727
2007-12-26,11.201595306396484
2007-12-27,11.180944442749023
2007-12-28,11.04588794708252
2007-12-31,10.890175819396973
2008-01-02,10.77736759185791
2008-01-03,11.133277893066406
2008-01-04,10.767837524414062
2008-01-07,10.556511878967285
2008-01-08,10.86634349822998
2008-01-09,10.791666984558105
2008-01-10,10.77736759185791
2008-01-11,10.554922103881836
2008-01-14,10.748766899108887
2008-01-15,10.494543075561523
2008-01-16,9.725528717041016
2008-01-17,9.198017120361328
2008-01-18,9.321955680847168
2008-01-21,8.60695743560791
2008-01-22,9.075679779052734
2008-01-23,9.256807327270508
2008-01-24,9.534860610961914
2008-01-25,9.798616409301758
2008-01-28,9.565053939819336
2008-01-29,9.900304794311523
2008-01-30,9.922552108764648
2008-01-31,10.087790489196777
2008-02-01,10.537445068359375
2008-02-05,9.852642059326172
2008-02-06,9.66356372833252
2008-02-07,9.851052284240723
2008-02-08,10.229207992553711
2008-02-11,10.570813179016113
2008-02-12,10.705784797668457
2008-02-13,10.786308288574219
2008-02-14,10.591450691223145
2008-02-15,10.514150619506836
2008-02-18,10.863603591918945
2008-02-19,11.438509941101074
2008-02-20,11.65590763092041
2008-02-21,12.119701385498047
2008-02-22,11.965102195739746
2008-02-25,12.124528884887695
2008-02-26,12.211488723754883
2008-02-27,12.4208402633667
2008-02-28,12.580263137817383
2008-02-29,12.050455093383789
2008-03-03,12.272682189941406
2008-03-04,11.684897422790527
2008-03-05,12.050455093383789
2008-03-06,11.966712951660156
2008-03-07,11.903909683227539
2008-03-10,11.42401123046875
2008-03-11,12.066557884216309
2008-03-12,11.887805938720703
2008-03-13,11.895855903625488
2008-03-14,11.441731452941895
2008-03-18,11.643026351928711
2008-03-19,11.008538246154785
2008-03-24,11.259754180908203
2008-03-25,11.213056564331055
2008-03-26,11.304849624633789
2008-03-27,11.317732810974121
2008-03-28,11.330615043640137
2008-03-31,11.378926277160645
2008-04-01,11.425629615783691
2008-04-02,11.5496244430542
2008-04-03,11.897470474243164
2008-04-04,12.205045700073242
2008-04-07,12.253357887268066
2008-04-08,12.377361297607422
2008-04-09,12.502968788146973
2008-04-10,12.496533393859863
2008-04-11,12.322611808776855
2008-04-14,12.113259315490723
2008-04-15,12.306504249572754
2008-04-16,13.050494194030762
2008-04-17,12.99413776397705
2008-04-18,12.945821762084961
2008-04-21,13.150343894958496
2008-04-22,13.27595043182373
2008-04-23,13.02150821685791
2008-04-24,12.644676208496094
2008-04-25,12.778342247009277
2008-04-28,12.292004585266113
2008-04-29,12.454660415649414
2008-04-30,12.346762657165527
2008-05-01,12.346762657165527
2008-05-02,12.694605827331543
2008-05-05,13.066593170166016
2008-05-06,13.119882583618164
2008-05-07,12.912847518920898
2008-05-08,13.018808364868164
2008-05-09,12.741670608520508
2008-05-12,12.30640697479248
2008-05-13,12.262393951416016
2008-05-14,12.519964218139648
2008-05-15,12.911214828491211
2008-05-16,13.25682544708252
2008-05-19,12.888395309448242
2008-05-20,12.567242622375488
2008-05-21,12.226531028747559
2008-05-22,12.45150089263916
2008-05-23,12.312932014465332
2008-05-26,12.459651947021484
2008-05-27,12.312932014465332
2008-05-28,12.578655242919922
2008-05-29,12.562346458435059
2008-05-30,12.601478576660156
2008-06-02,12.929149627685547
2008-06-03,12.808513641357422
2008-06-04,12.829710006713867
2008-06-05,12.987837791442871
2008-06-06,12.891658782958984
2008-06-09,12.901437759399414
2008-06-10,12.873720169067383
2008-06-11,12.493886947631836
2008-06-12,12.09285831451416
2008-06-13,11.94776439666748
2008-06-16,12.050469398498535
2008-06-17,11.876030921936035
2008-06-18,11.743987083435059
2008-06-19,12.110784530639648
2008-06-20,12.096112251281738
2008-06-23,12.115679740905762
2008-06-24,11.872777938842773
2008-06-25,11.63611888885498
2008-06-26,11.457548141479492
2008-06-27,11.433414459228516
2008-06-30,11.288627624511719
2008-07-01,10.99905014038086
2008-07-02,10.622601509094238
2008-07-03,10.487469673156738
2008-07-04,10.569517135620117
2008-07-07,10.284764289855957
2008-07-08,9.87936019897461
2008-07-09,9.821440696716309
2008-07-10,9.768355369567871
2008-07-11,9.821440696716309
2008-07-14,9.724921226501465
2008-07-15,9.358121871948242
2008-07-16,9.213335990905762
2008-07-17,9.222984313964844
2008-07-18,9.015456199645996
2008-07-21,9.000974655151367
2008-07-22,8.692095756530762
2008-07-23,8.600399017333984
2008-07-24,8.359085083007812
2008-07-25,8.465262413024902
2008-07-28,8.185341835021973
2008-07-29,8.39286994934082
2008-07-30,8.701752662658691
2008-07-31,8.59074878692627
2008-08-01,8.161208152770996
2008-08-04,7.697886943817139
2008-08-05,8.001941680908203
2008-08-06,8.238426208496094
2008-08-07,8.156380653381348
2008-08-08,7.895763397216797
2008-08-11,7.4758782386779785
2008-08-12,7.379354000091553
2008-08-13,7.678584575653076
2008-08-14,7.760627746582031
2008-08-15,7.789585590362549
2008-08-18,7.678584575653076
2008-08-19,7.7851033210754395
2008-08-20,8.071976661682129
2008-08-21,8.309386253356934
2008-08-22,8.264874458312988
2008-08-25,8.131330490112305
2008-08-26,8.170900344848633
2008-08-27,8.373686790466309
2008-08-28,8.462716102600098
2008-08-29,8.383581161499023
2008-09-01,8.309386253356934
2008-09-02,7.903809070587158
2008-09-03,7.720806121826172
2008-09-04,7.2657694816589355
2008-09-05,6.969006061553955
2008-09-08,6.538698196411133
2008-09-09,6.123226642608643
2008-09-10,6.143012046813965
2008-09-11,6.177631855010986
2008-09-12,6.583212852478027
2008-09-15,6.06882381439209
2008-09-17,5.183475017547607
2008-09-18,5.425833702087402
2008-09-19,6.429885387420654
2008-09-22,6.612888813018799
2008-09-23,6.677186489105225
2008-09-24,6.583212852478027
2008-09-25,6.692026615142822
2008-09-26,6.617834568023682
2008-09-29,5.504969596862793
2008-09-30,5.687971591949463
2008-10-01,5.6038899421691895
2008-10-02,5.104337215423584
2008-10-03,4.852088928222656
2008-10-06,4.303075790405273
2008-10-07,4.075556755065918
2008-10-08,3.9222278594970703
2008-10-09,3.932121515274048
2008-10-10,3.838146686553955
2008-10-13,4.481132984161377
2008-10-14,4.9213361740112305
2008-10-15,4.154693126678467
2008-10-16,3.808469533920288
2008-10-17,3.798577070236206
2008-10-20,4.129963397979736
2008-10-21,4.23383092880249
2008-10-22,3.882660388946533
2008-10-23,3.838146686553955
2008-10-24,4.129963397979736
2008-10-27,4.105232238769531
2008-10-28,4.46629524230957
2008-10-29,4.609732151031494
2008-10-30,4.946065902709961
2008-10-31,5.4109954833984375
2008-11-03,5.208204746246338
2008-11-04,5.564321517944336
2008-11-05,5.06477165222168
2008-11-06,4.678976535797119
2008-11-07,4.698760032653809
2008-11-10,4.802628993988037
2008-11-11,4.766873836517334
2008-11-12,4.344620704650879
2008-11-13,4.700736999511719
2008-11-14,4.415844440460205
2008-11-18,4.181823253631592
2008-11-19,3.810445547103882
2008-11-20,3.51029109954834
2008-11-21,3.5815155506134033
2008-11-24,4.263223171234131
2008-11-25,4.151299476623535
2008-11-26,4.293745040893555
2008-11-27,4.27848482131958
2008-11-28,4.334444522857666
2008-12-01,4.019028663635254
2008-12-02,4.105513572692871
2008-12-03,4.105513572692871
2008-12-04,3.952892780303955
2008-12-05,4.0902533531188965
2008-12-08,4.476892948150635
2008-12-09,4.487067699432373
2008-12-10,4.771961212158203
2008-12-11,4.665126323699951
2008-12-15,4.57864236831665
2008-12-16,4.76178503036499
2008-12-17,4.868622779846191
2008-12-18,4.639688491821289
2008-12-19,4.604075908660889
2008-12-22,4.50741720199585
2008-12-23,4.48198127746582
2008-12-24,4.543028354644775
2008-12-26,4.568466663360596
2008-12-29,4.502330303192139
2008-12-30,4.609164237976074
2008-12-31,4.48198127746582
2009-01-02,4.909318923950195
2009-01-05,5.102640151977539
2009-01-06,5.097553253173828
2009-01-07,4.858445167541504
2009-01-08,4.934756278991699
2009-01-09,4.92966890335083
2009-01-12,4.553203582763672
2009-01-13,4.614253044128418
2009-01-14,4.405669689178467
2009-01-15,4.487067699432373
2009-01-16,4.609164237976074
2009-01-19,4.598989963531494
2009-01-20,4.3293585777282715
2009-01-21,4.227611541748047
2009-01-22,4.019028663635254
2009-01-23,4.034290313720703
2009-01-26,4.27848482131958
2009-01-27,4.085165023803711
2009-01-28,4.420931816101074
2009-01-29,4.125863552093506
2009-01-30,4.008854866027832
2009-02-02,4.062306880950928
2009-02-03,4.044465065002441
2009-02-04,4.4311065673828125
2009-02-05,4.654951572418213
2009-02-06,5.01615571975708
2009-02-09,5.026329517364502
2009-02-10,4.675300121307373
2009-02-11,4.553203582763672
2009-02-12,4.5481157302856445
2009-02-13,4.629515171051025
2009-02-16,4.680387020111084
2009-02-17,4.593902587890625
2009-02-18,4.685474872589111
2009-02-19,4.614253044128418
2009-02-20,4.527767181396484
2009-02-23,4.512503147125244
2009-02-24,4.541738510131836
2009-02-25,4.371616363525391
2009-02-26,4.469566345214844
2009-02-27,4.459255218505859
2009-03-02,4.139632225036621
2009-03-03,4.4489426612854
2009-03-04,5.026327610015869
2009-03-05,4.722172260284424
2009-03-06,4.75825834274292
2009-03-09,4.4180145263671875
2009-03-10,4.5675153732299805
2009-03-11,4.634531021118164
2009-03-12,4.799498558044434
2009-03-13,5.010862350463867
2009-03-17,5.010862350463867
2009-03-18,5.289243221282959
2009-03-19,5.356261730194092
2009-03-20,5.237691879272461
2009-03-23,5.670729160308838
2009-03-24,5.696503639221191
2009-03-25,5.8202314376831055
2009-03-26,5.949112892150879
2009-03-27,5.696503639221191
2009-03-30,5.191293239593506
2009-03-31,5.366575241088867
2009-04-01,5.639798641204834
2009-04-02,4.794345378875732
2009-04-03,5.196448802947998
2009-04-06,5.278933525085449
2009-04-07,5.335642337799072
2009-04-08,5.469677448272705
2009-04-13,5.825386047363281
2009-04-14,6.196560859680176
2009-04-15,6.052214622497559
2009-04-16,6.165629863739014
2009-04-17,6.0934553146362305
2009-04-20,5.598556995391846
2009-04-21,5.72743558883667
2009-04-22,5.732590198516846
2009-04-23,5.644952297210693
2009-04-24,5.794456481933594
2009-04-27,5.588245391845703
2009-04-28,5.459364891052246
2009-04-29,5.660419940948486
2009-04-30,5.593400478363037
2009-05-04,6.242956638336182
2009-05-05,6.61928653717041
2009-05-06,6.565726280212402
2009-05-07,6.425141334533691
2009-05-08,6.5813469886779785
2009-05-11,6.440761089324951
2009-05-12,6.362662315368652
2009-05-13,6.091908931732178
2009-05-14,6.2689409255981445
2009-05-15,6.091908931732178
2009-05-18,6.4720048904418945
2009-05-19,6.633411884307861
2009-05-20,6.669858932495117
2009-05-21,6.27935266494751
2009-05-22,6.336628437042236
2009-05-25,6.456386089324951
2009-05-26,6.61258602142334
2009-05-27,6.529277801513672
2009-05-28,6.607380390167236
2009-05-29,6.565726280212402
2009-06-01,7.0395379066467285
2009-06-02,7.430047512054443
2009-06-03,7.237398147583008
2009-06-04,7.5654215812683105
2009-06-05,7.6383185386657715
2009-06-08,7.752863883972168
2009-06-09,7.966340065002441
2009-06-10,8.195442199707031
2009-06-11,8.268335342407227
2009-06-12,8.242301940917969
2009-06-15,7.794520378112793
2009-06-16,7.6383185386657715
2009-06-17,7.424837589263916
2009-06-18,7.612283706665039
2009-06-19,7.711210250854492
2009-06-22,7.216569900512695
2009-06-23,7.273848056793213
2009-06-24,7.24780797958374
2009-06-25,7.450876235961914
2009-06-26,7.4196343421936035
2009-06-29,7.617491245269775
2009-06-30,7.502942085266113
2009-07-01,7.424837589263916
2009-07-02,7.362358570098877
2009-07-03,7.482113838195801
2009-07-06,7.263430118560791
2009-07-07,7.0395379066467285
2009-07-08,7.237398147583008
2009-07-09,7.372769832611084
2009-07-10,7.450876235961914
2009-07-13,7.414429187774658
2009-07-14,7.482113838195801
2009-07-15,7.789312839508057
2009-07-16,7.794520378112793
2009-07-17,7.981964111328125
2009-07-20,8.315196990966797
2009-07-21,8.315196990966797
2009-07-22,8.07568645477295
2009-07-23,8.46098518371582
2009-07-24,8.46098518371582
2009-07-27,8.84628677368164
2009-07-28,9.085797309875488
2009-07-29,9.038938522338867
2009-07-30,9.408615112304688
2009-07-31,9.731432914733887
2009-08-03,9.960533142089844
2009-08-04,9.955328941345215
2009-08-05,10.392693519592285
2009-08-06,10.444758415222168
2009-08-07,10.663445472717285
2009-08-10,10.522862434387207
2009-08-11,10.4291410446167
2009-08-12,10.559309959411621
2009-08-13,10.528069496154785
2009-08-14,10.256867408752441
2009-08-17,9.950854301452637
2009-08-18,10.642029762268066
2009-08-19,10.642029762268066
2009-08-20,10.019439697265625
2009-08-21,9.866433143615723
2009-08-24,10.156620979309082
2009-08-25,10.4045991897583
2009-08-26,9.929747581481934
2009-08-27,9.708146095275879
2009-08-28,10.161892890930176
2009-08-31,10.209383964538574
2009-09-01,11.623397827148438
2009-09-02,12.151012420654297
2009-09-03,12.034936904907227
2009-09-04,11.734195709228516
2009-09-07,11.934687614440918
2009-09-08,12.293469429016113
2009-09-09,12.140460968017578
2009-09-10,12.17739200592041
2009-09-11,12.066591262817383
2009-09-14,12.066591262817383
2009-09-15,12.077147483825684
2009-09-17,12.193221092224121
2009-09-18,12.193221092224121
2009-09-21,12.288193702697754
2009-09-22,13.470049858093262
2009-09-23,13.886873245239258
2009-09-24,13.237907409667969
2009-09-25,13.06379222869873
2009-09-28,13.30649185180664
2009-09-29,13.28538703918457
2009-09-30,13.185139656066895
2009-10-01,12.752495765686035
2009-10-02,12.652252197265625
2009-10-05,13.480609893798828
2009-10-06,13.675826072692871
2009-10-07,13.691651344299316
2009-10-08,14.07153606414795
2009-10-09,14.092641830444336
2009-10-12,14.6519136428833
2009-10-13,14.6519136428833
2009-10-14,14.936829566955566
2009-10-15,15.474996566772461
2009-10-16,15.348369598388672
2009-10-19,15.67548942565918
2009-10-20,15.200634956359863
2009-10-21,15.1742582321167
2009-10-22,15.07928466796875
2009-10-23,15.000139236450195
2009-10-26,14.862964630126953
2009-10-27,14.36172103881836
2009-10-28,13.712759017944336
2009-10-29,14.26147174835205
2009-10-30,13.844663619995117
2009-11-03,14.018775939941406
2009-11-04,14.32479190826416
2009-11-05,14.48307991027832
2009-11-06,14.778541564941406
2009-11-09,15.33781623840332
2009-11-10,15.380030632019043
2009-11-11,15.638558387756348
2009-11-12,15.511934280395508
2009-11-13,15.680769920349121
2009-11-17,16.757104873657227
2009-11-18,16.461639404296875
2009-11-19,16.382497787475586
2009-11-20,16.12253761291504
2009-11-23,16.27108383178711
2009-11-24,16.016437530517578
2009-11-25,16.74855613708496
2009-11-26,16.164989471435547
2009-11-27,16.302921295166016
2009-11-30,16.13315200805664
2009-12-01,16.472684860229492
2009-12-02,16.520431518554688
2009-12-03,16.218032836914062
2009-12-04,15.915640830993652
2009-12-07,15.846670150756836
2009-12-08,15.45938777923584
2009-12-09,15.920948028564453
2009-12-10,16.05357551574707
2009-12-11,15.926253318786621
2009-12-14,16.13315200805664
2009-12-15,15.915640830993652
2009-12-16,15.894414901733398
2009-12-17,15.528353691101074
2009-12-18,15.41694164276123
2009-12-21,15.501834869384766
2009-12-22,15.570805549621582
2009-12-23,15.862592697143555
2009-12-24,16.069494247436523
2009-12-28,16.11724090576172
2009-12-29,15.936859130859375
2009-12-30,15.905025482177734
2009-12-31,15.920948028564453
2010-01-04,16.6424503326416
2010-01-05,16.578792572021484
2010-01-06,16.790998458862305
2010-01-07,16.881187438964844
2010-01-08,16.753860473632812
2010-01-11,16.82813262939453
2010-01-12,16.361278533935547
2010-01-13,16.589406967163086
2010-01-14,16.690200805664062
2010-01-15,16.265783309936523
2010-01-18,16.308223724365234
2010-01-19,16.430240631103516
2010-01-20,15.836058616638184
2010-01-21,14.950087547302246
2010-01-22,14.859896659851074
2010-01-25,15.003143310546875
2010-01-26,15.013750076293945
2010-01-27,14.897038459777832
2010-01-28,14.690141677856445
2010-01-29,14.064119338989258
2010-02-02,15.061504364013672
2010-02-03,14.838674545288086
2010-02-04,14.345298767089844
2010-02-05,14.23388671875
2010-02-08,14.546892166137695
2010-02-09,14.737884521484375
2010-02-10,14.801543235778809
2010-02-11,15.305538177490234
2010-02-12,15.682209968566895
2010-02-15,15.634462356567383
2010-02-16,16.154373168945312
2010-02-17,16.027048110961914
2010-02-18,16.29761505126953
2010-02-19,16.759172439575195
2010-02-22,16.684898376464844
2010-02-23,16.573484420776367
2010-02-24,16.631845474243164
2010-02-25,16.308223724365234
2010-02-26,16.186208724975586
2010-03-01,16.47799301147461
2010-03-02,16.631845474243164
2010-03-03,16.93423843383789
2010-03-04,16.82813262939453
2010-03-05,16.94485092163086
2010-03-08,17.411710739135742
2010-03-09,17.486299514770508
2010-03-10,17.262527465820312
2010-03-11,17.20392608642578
2010-03-12,16.788339614868164
2010-03-16,16.50595474243164
2010-03-17,16.56989097595215
2010-03-18,16.86825180053711
2010-03-19,16.948179244995117
2010-03-22,17.070720672607422
2010-03-23,17.45966339111328
2010-03-24,17.36908721923828
2010-03-25,17.315807342529297
2010-03-26,17.417034149169922
2010-03-29,17.46498680114746
2010-03-30,17.710071563720703
2010-03-31,17.64081382751465
2010-04-05,18.210905075073242
2010-04-06,19.074026107788086
2010-04-07,18.525245666503906
2010-04-08,18.55721664428711
2010-04-09,18.818288803100586
2010-04-12,18.860904693603516
2010-04-13,18.903532028198242
2010-04-14,19.516246795654297
2010-04-15,19.185916900634766
2010-04-16,18.892881393432617
2010-04-19,18.82893943786621
2010-04-20,19.063369750976562
2010-04-21,18.74369239807129
2010-04-22,18.482627868652344
2010-04-23,18.365407943725586
2010-04-26,18.15229606628418
2010-04-27,17.486299514770508
2010-04-28,17.267847061157227
2010-04-29,17.624828338623047
2010-04-30,17.23587989807129
2010-05-04,16.340791702270508
2010-05-05,16.117021560668945
2010-05-06,15.690790176391602
2010-05-07,15.86661148071289
2010-05-10,16.607189178466797
2010-05-11,16.55924415588379
2010-05-12,16.650314331054688
2010-05-13,16.843172073364258
2010-05-14,16.623523712158203
2010-05-17,15.969945907592773
2010-05-18,15.680644035339355
2010-05-19,15.969945907592773
2010-05-20,15.337779998779297
2010-05-21,15.128849029541016
2010-05-24,15.225282669067383
2010-05-25,15.375286102294922
2010-05-26,16.002079010009766
2010-05-27,16.74674415588379
2010-05-28,16.452096939086914
2010-05-31,16.618165969848633
2010-06-01,16.082447052001953
2010-06-02,16.205657958984375
2010-06-03,16.007444381713867
2010-06-04,15.573504447937012
2010-06-07,15.102071762084961
2010-06-08,15.734225273132324
2010-06-09,15.943157196044922
2010-06-10,17.030668258666992
2010-06-11,17.05746841430664
2010-06-14,17.030668258666992
2010-06-15,17.15389060974121
2010-06-16,17.36818504333496
2010-06-17,17.336036682128906
2010-06-18,17.5181827545166
2010-06-21,17.941396713256836
2010-06-22,17.812828063964844
2010-06-23,17.694974899291992
2010-06-24,17.21282196044922
2010-06-25,17.448535919189453
2010-06-28,17.319969177246094
2010-06-29,16.505664825439453
2010-06-30,16.339588165283203
2010-07-01,16.103870391845703
2010-07-02,16.18423080444336
2010-07-05,16.264585494995117
2010-07-06,16.564592361450195
2010-07-07,17.00925064086914
2010-07-08,17.250320434570312
2010-07-09,17.28246307373047
2010-07-12,16.714599609375
2010-07-13,16.859243392944336
2010-07-14,16.71995735168457
2010-07-15,17.303895950317383
2010-07-16,16.843172073364258
2010-07-19,16.65566635131836
2010-07-20,16.944957733154297
2010-07-21,17.089603424072266
2010-07-22,17.362821578979492
2010-07-23,18.01105308532715
2010-07-26,18.33784294128418
2010-07-27,18.091405868530273
2010-07-28,18.080690383911133
2010-07-29,18.155702590942383
2010-07-30,18.027124404907227
2010-08-02,18.35391616821289
2010-08-03,18.198549270629883
2010-08-04,18.289627075195312
2010-08-05,18.252132415771484
2010-08-06,18.209264755249023
2010-08-09,18.209264755249023
2010-08-10,18.289627075195312
2010-08-11,17.716398239135742
2010-08-12,17.818195343017578
2010-08-13,17.764623641967773
2010-08-16,17.898550033569336
2010-08-17,18.343204498291016
2010-08-18,18.57356071472168
2010-08-19,18.364625930786133
2010-08-20,18.386045455932617
2010-08-23,18.236059188842773
2010-08-24,17.75390625
2010-08-25,17.8021183013916
2010-08-26,17.85033416748047
2010-08-27,18.123550415039062
2010-08-30,18.048547744750977
2010-08-31,18.128902435302734
2010-09-01,18.461057662963867
2010-09-02,18.552135467529297
2010-09-03,18.69141960144043
2010-09-06,18.680707931518555
2010-09-07,18.70223617553711
2010-09-08,18.696857452392578
2010-09-09,18.659177780151367
2010-09-10,18.782995223999023
2010-09-13,18.9768009185791
2010-09-14,18.91757583618164
2010-09-15,18.90142822265625
2010-09-20,19.36979103088379
2010-09-21,19.36979103088379
2010-09-22,19.595901489257812
2010-09-23,19.67664909362793
2010-09-24,19.66588592529297
2010-09-27,19.531301498413086
2010-09-28,19.574369430541992
2010-09-29,19.34825897216797
2010-09-30,19.531301498413086
2010-10-01,20.74258041381836
2010-10-04,21.15711212158203
2010-10-05,21.07097625732422
2010-10-06,21.27016830444336
2010-10-07,21.178653717041016
2010-10-08,22.040000915527344
2010-10-11,22.217653274536133
2010-10-12,22.05076789855957
2010-10-13,22.416847229003906
2010-10-14,22.48683738708496
2010-10-15,22.438385009765625
2010-10-18,22.179967880249023
2010-10-19,22.179967880249023
2010-10-20,21.48012351989746
2010-10-21,21.905418395996094
2010-10-22,21.937713623046875
2010-10-25,21.679304122924805
2010-10-26,21.566247940063477
2010-10-27,21.463964462280273
2010-10-28,21.77083396911621
2010-10-29,21.862348556518555
2010-11-01,21.95386505126953
2010-11-03,22.266111373901367
2010-11-04,22.664487838745117
2010-11-05,22.734479904174805
2010-11-08,22.761388778686523
2010-11-09,22.81012725830078
2010-11-10,23.627872467041016
2010-11-11,23.524982452392578
2010-11-12,22.642255783081055
2010-11-16,22.284826278686523
2010-11-17,22.51227569580078
2010-11-18,23.12965202331543
2010-11-19,23.34084701538086
2010-11-22,23.308359146118164
2010-11-23,23.032163619995117
2010-11-24,23.665788650512695
2010-11-25,23.43291473388672
2010-11-26,23.151309967041016
2010-11-29,23.178380966186523
2010-11-30,22.97260093688965
2010-12-01,23.579139709472656
2010-12-02,23.860742568969727
2010-12-03,23.860742568969727
2010-12-06,24.564760208129883
2010-12-07,25.225444793701172
2010-12-08,25.295854568481445
2010-12-09,25.387924194335938
2010-12-10,25.956544876098633
2010-12-13,26.54681968688965
2010-12-14,26.590158462524414
2010-12-15,25.90239143371582
2010-12-16,25.859052658081055
2010-12-17,25.994447708129883
2010-12-20,25.913209915161133
2010-12-21,26.156917572021484
2010-12-22,26.135244369506836
2010-12-23,26.238149642944336
2010-12-27,26.460182189941406
2010-12-28,26.628061294555664
2010-12-29,26.952991485595703
2010-12-30,26.974666595458984
2011-01-03,27.510786056518555
2011-01-04,27.03965187072754
2011-01-05,26.996318817138672
2011-01-06,26.75263023376465
2011-01-07,26.81761360168457
2011-01-10,26.476428985595703
2011-01-11,26.552242279052734
2011-01-12,26.50892448425293
2011-01-13,26.50892448425293
2011-01-14,26.200244903564453
2011-01-17,26.119007110595703
2011-01-18,26.443933486938477
2011-01-19,26.29772186279297
2011-01-20,25.848228454589844
2011-01-21,25.609943389892578
2011-01-24,26.005281448364258
2011-01-25,25.349998474121094
2011-01-26,25.772418975830078
2011-01-27,25.712848663330078
2011-01-28,25.512470245361328
2011-01-31,25.66951560974121
2011-02-01,26.259803771972656
2011-02-02,26.779705047607422
2011-02-03,26.703882217407227
2011-02-04,26.611814498901367
2011-02-08,25.978193283081055
2011-02-09,25.534128189086914
2011-02-10,24.6622371673584
2011-02-11,25.382490158081055
2011-02-14,25.761579513549805
2011-02-15,25.565387725830078
2011-02-16,25.72343635559082
2011-02-17,25.85967445373535
2011-02-18,25.630783081054688
2011-02-21,25.625333786010742
2011-02-22,24.944103240966797
2011-02-23,24.33917236328125
2011-02-24,24.148418426513672
2011-02-25,24.753345489501953
2011-02-28,25.04220962524414
2011-03-01,25.04220962524414
2011-03-02,24.58440399169922
2011-03-03,25.140296936035156
2011-03-04,24.87869644165039
2011-03-07,24.072120666503906
2011-03-08,24.028522491455078
2011-03-09,23.488983154296875
2011-03-10,22.638797760009766
2011-03-11,23.06389617919922
2011-03-14,23.281883239746094
2011-03-15,23.287338256835938
2011-03-16,22.905851364135742
2011-03-17,23.014848709106445
2011-03-18,23.091135025024414
2011-03-22,23.48352813720703
2011-03-23,24.311914443969727
2011-03-24,24.59531593322754
2011-03-25,24.59531593322754
2011-03-28,24.039417266845703
2011-03-29,24.072120666503906
2011-03-30,24.028522491455078
2011-03-31,24.23561668395996
2011-04-01,24.23561668395996
2011-04-04,24.519010543823242
2011-04-05,24.519010543823242
2011-04-06,24.251964569091797
2011-04-07,23.641578674316406
2011-04-08,23.674283981323242
2011-04-11,23.21649169921875
2011-04-12,22.807748794555664
2011-04-13,22.807748794555664
2011-04-14,22.83499526977539
2011-04-15,21.761369705200195
2011-04-18,20.676849365234375
2011-04-19,21.052885055541992
2011-04-20,21.445276260375977
2011-04-25,21.445276260375977
2011-04-26,21.445276260375977
2011-04-27,21.445276260375977
2011-04-28,21.445276260375977
2011-04-29,21.72322654724121
2011-05-02,21.486499786376953
2011-05-03,21.36538314819336
2011-05-04,21.36538314819336
2011-05-05,20.91947364807129
2011-05-06,20.77083969116211
2011-05-09,21.18922233581543
2011-05-10,21.18922233581543
2011-05-11,21.35988426208496
2011-05-12,20.8479061126709
2011-05-13,20.8479061126709
2011-05-16,21.04058265686035
2011-05-17,21.04058265686035
2011-05-18,21.04058265686035
2011-05-19,21.04058265686035
2011-05-20,21.04058265686035
2011-05-23,21.04058265686035
2011-05-24,21.04058265686035
2011-05-25,22.615055084228516
2011-05-26,22.774703979492188
2011-05-27,22.928852081298828
2011-05-30,22.89581298828125
2011-05-31,22.840761184692383
2011-06-01,22.097578048706055
2011-06-02,22.455402374267578
2011-06-03,22.626066207885742
2011-06-06,20.935985565185547
2011-06-07,20.56714630126953
2011-06-08,20.33592987060547
2011-06-09,21.15068817138672
2011-06-10,21.057100296020508
2011-06-13,21.123159408569336
2011-06-14,20.958011627197266
2011-06-15,20.710283279418945
2011-06-16,20.627708435058594
2011-06-17,20.352449417114258
2011-06-20,20.352449417114258
2011-06-21,20.41299819946289
2011-06-22,20.418500900268555
2011-06-23,20.286378860473633
2011-06-24,20.5616397857666
2011-06-27,20.572647094726562
2011-06-28,21.139686584472656
2011-06-29,21.22776222229004
2011-06-30,21.354373931884766
2011-07-01,21.585594177246094
2011-07-04,21.778274536132812
2011-07-05,21.519533157348633
2011-07-06,21.35988426208496
2011-07-07,21.98746109008789
2011-07-08,22.158130645751953
2011-07-11,22.460912704467773
2011-07-12,22.455402374267578
2011-07-13,22.76369285583496
2011-07-14,23.011423110961914
2011-07-15,23.512392044067383
2011-07-18,23.20961570739746
2011-07-19,23.2591552734375
2011-07-20,23.3142032623291
2011-07-21,23.837188720703125
2011-07-22,23.58946418762207
2011-07-25,23.286685943603516
2011-07-26,23.396778106689453
2011-07-27,23.451833724975586
2011-07-28,23.881229400634766
2011-07-29,23.837188720703125
2011-08-01,23.18758773803711
2011-08-02,22.020503997802734
2011-08-03,22.014995574951172
2011-08-04,21.16720199584961
2011-08-05,21.772768020629883
2011-08-08,20.47905921936035
2011-08-09,20.743305206298828
2011-08-10,20.858924865722656
2011-08-11,21.750751495361328
2011-08-12,21.35988426208496
2011-08-15,22.014995574951172
2011-08-16,22.187589645385742
2011-08-17,22.23770523071289
2011-08-18,21.296751022338867
2011-08-19,21.101879119873047
2011-08-22,21.335725784301758
2011-08-23,21.335725784301758
2011-08-24,22.243274688720703
2011-08-25,21.41924476623535
2011-08-26,21.803424835205078
2011-08-29,22.465986251831055
2011-08-30,22.77777862548828
2011-08-31,23.379093170166016
2011-09-01,23.223201751708984
2011-09-02,22.66086196899414
2011-09-05,21.463788986206055
2011-09-06,21.67536735534668
2011-09-07,22.388031005859375
2011-09-08,22.20986557006836
2011-09-09,21.45821762084961
2011-09-12,21.90920639038086
2011-09-13,21.82569694519043
2011-09-14,21.519460678100586
2011-09-15,21.491621017456055
2011-09-19,20.901439666748047
2011-09-20,20.043994903564453
2011-09-21,18.930442810058594
2011-09-22,18.01176643371582
2011-09-23,18.262313842773438
2011-09-26,18.201072692871094
2011-09-27,18.830230712890625
2011-09-28,18.340259552001953
2011-09-29,18.485021591186523
2011-09-30,18.262313842773438
2011-10-03,18.21219825744629
2011-10-04,17.282386779785156
2011-10-05,17.287948608398438
2011-10-06,17.83915901184082
2011-10-07,17.872570037841797
2011-10-10,18.3458251953125
2011-10-11,18.468313217163086
2011-10-12,19.24224090576172
2011-10-13,19.309057235717773
2011-10-14,19.631982803344727
2011-10-17,18.930442810058594
2011-10-18,19.87696647644043
2011-10-19,19.403709411621094
2011-10-20,19.008390426635742
2011-10-21,19.470518112182617
2011-10-24,19.832420349121094
2011-10-25,19.765609741210938
2011-10-26,20.37806510925293
2011-10-27,21.530597686767578
2011-10-28,21.391407012939453
2011-10-31,20.567365646362305
2011-11-01,20.35022735595703
2011-11-03,20.712133407592773
2011-11-04,20.934844970703125
2011-11-07,21.40810203552246
2011-11-08,21.68092918395996
2011-11-09,20.95832633972168
2011-11-10,20.86244773864746
2011-11-11,21.70844841003418
2011-11-14,21.319286346435547
2011-11-15,21.71408462524414
2011-11-16,21.2177677154541
2011-11-17,20.580440521240234
2011-11-18,20.529685974121094
2011-11-22,19.926198959350586
2011-11-23,19.283235549926758
2011-11-24,19.356552124023438
2011-11-25,19.00687599182129
2011-11-28,19.779560089111328
2011-11-29,19.937480926513672
2011-11-30,20.603004455566406
2011-12-01,20.980886459350586
2011-12-02,20.681962966918945
2011-12-05,21.223403930664062
2011-12-06,21.381322860717773
2011-12-07,21.364397048950195
2011-12-08,21.150087356567383
2011-12-09,21.71408462524414
2011-12-13,21.138803482055664
2011-12-14,20.309720993041992
2011-12-15,20.41687774658203
2011-12-16,20.40559959411621
2011-12-19,20.18000030517578
2011-12-20,20.81168556213379
2011-12-21,21.319286346435547
2011-12-22,21.432086944580078
2011-12-23,21.48848533630371
2011-12-26,21.49413299560547
2011-12-27,20.868080139160156
2011-12-28,20.65940284729004
2011-12-29,20.89065170288086
2011-12-30,20.693248748779297
2012-01-02,20.738359451293945
2012-01-03,21.09369468688965
2012-01-04,20.952682495117188
2012-01-05,20.789127349853516
2012-01-09,20.868080139160156
2012-01-10,21.375688552856445
2012-01-11,21.793052673339844
2012-01-12,22.306293487548828
2012-01-13,21.945331573486328
2012-01-16,22.10888671875
2012-01-17,22.2442569732666
2012-01-18,22.78005027770996
2012-01-19,22.588287353515625
2012-01-20,22.40781021118164
2012-01-23,22.5544490814209
2012-01-24,22.390893936157227
2012-01-25,23.18048858642578
2012-01-26,23.276371002197266
2012-01-27,23.208696365356445
2012-01-30,23.095895767211914
2012-01-31,23.411733627319336
2012-02-01,23.48505973815918
2012-02-02,23.60913848876953
2012-02-03,23.941905975341797
2012-02-07,23.755773544311523
2012-02-08,23.71065330505371
2012-02-09,23.823450088500977
2012-02-10,23.800899505615234
2012-02-13,23.87421989440918
2012-02-14,23.716297149658203
2012-02-15,23.186729431152344
2012-02-16,23.403114318847656
2012-02-17,22.913415908813477
2012-02-20,23.317699432373047
2012-02-21,23.032995223999023
2012-02-22,23.118408203125
2012-02-23,22.776750564575195
2012-02-24,22.685646057128906
2012-02-27,23.084243774414062
2012-02-28,23.539785385131836
2012-02-29,23.032995223999023
2012-03-01,22.924802780151367
2012-03-02,23.118408203125
2012-03-05,22.71981430053711
2012-03-06,22.036510467529297
2012-03-07,22.19025230407715
2012-03-08,22.793834686279297
2012-03-09,23.084243774414062
2012-03-12,22.913415908813477
2012-03-13,23.272146224975586
2012-03-14,23.232290267944336
2012-03-15,23.368946075439453
2012-03-16,23.460052490234375
2012-03-20,23.089927673339844
2012-03-21,23.12978744506836
2012-03-22,22.674270629882812
2012-03-23,22.72550392150879
2012-03-26,23.192432403564453
2012-03-27,23.289234161376953
2012-03-28,22.91912078857422
2012-03-29,22.856477737426758
2012-03-30,22.981746673583984
2012-04-02,23.255064010620117
2012-04-03,23.226593017578125
2012-04-04,22.771059036254883
2012-04-09,22.361080169677734
2012-04-10,21.99095916748047
2012-04-11,22.366777420043945
2012-04-12,22.827999114990234
2012-04-13,22.827999114990234
2012-04-16,22.74827766418457
2012-04-17,23.249366760253906
2012-04-18,23.460052490234375
2012-04-19,23.2152042388916
2012-04-20,23.192432403564453
2012-04-23,23.032995223999023
2012-04-24,23.061458587646484
2012-04-25,22.91912078857422
2012-04-26,22.833698272705078
2012-04-27,22.71981430053711
2012-04-30,22.884950637817383
2012-05-02,23.2152042388916
2012-05-03,23.07854461669922
2012-05-04,23.20381736755371
2012-05-07,23.61380958557129
2012-05-08,23.29493522644043
2012-05-09,23.052812576293945
2012-05-10,23.052812576293945
2012-05-11,22.914457321166992
2012-05-14,22.48787498474121
2012-05-15,21.675065994262695
2012-05-16,21.617422103881836
2012-05-17,21.398351669311523
2012-05-18,21.179296493530273
2012-05-21,21.352245330810547
2012-05-22,20.925655364990234
2012-05-23,21.21388816833496
2012-05-24,21.577062606811523
2012-05-25,21.38682746887207
2012-05-28,21.530942916870117
2012-05-29,21.611648559570312
2012-05-30,21.559778213500977
2012-05-31,21.84222984313965
2012-06-01,21.317649841308594
2012-06-04,21.34071159362793
2012-06-05,21.13895034790039
2012-06-06,20.937185287475586
2012-06-07,20.925655364990234
2012-06-08,21.202360153198242
2012-06-11,20.689306259155273
2012-06-12,20.34918975830078
2012-06-13,20.135900497436523
2012-06-14,20.545185089111328
2012-06-15,21.144712448120117
2012-06-18,21.871065139770508
2012-06-19,22.3437557220459
2012-06-20,22.424468994140625
2012-06-21,22.04400062561035
2012-06-22,22.48211097717285
2012-06-25,22.1362247467041
2012-06-26,22.0843505859375
2012-06-27,22.009408950805664
2012-06-28,22.23423194885254
2012-06-29,22.856813430786133
2012-07-03,23.306455612182617
2012-07-04,23.15080451965332
2012-07-05,22.845279693603516
2012-07-06,22.297637939453125
2012-07-09,22.701168060302734
2012-07-10,22.545516967773438
2012-07-11,22.539758682250977
2012-07-12,22.061283111572266
2012-07-13,22.22270965576172
2012-07-16,22.17658805847168
2012-07-17,21.934465408325195
2012-07-18,21.57129669189453
2012-07-19,21.692354202270508
2012-07-20,21.490596771240234
2012-07-23,21.37529754638672
2012-07-24,21.04094886779785
2012-07-25,20.977540969848633
2012-07-26,21.329181671142578
2012-07-27,22.199644088745117
2012-07-30,22.309171676635742
2012-07-31,21.490596771240234
2012-08-01,21.95175552368164
2012-08-02,21.81340980529785
2012-08-03,22.48211097717285
2012-08-06,22.860692977905273
2012-08-07,23.000478744506836
2012-08-08,23.023778915405273
2012-08-09,23.186870574951172
2012-08-10,23.45478630065918
2012-08-13,23.396541595458984
2012-08-14,23.326642990112305
2012-08-15,23.553796768188477
2012-08-16,23.79258918762207
2012-08-17,23.763479232788086
2012-08-20,23.44314193725586
2012-08-21,23.763479232788086
2012-08-22,24.07216453552246
2012-08-23,23.961502075195312
2012-08-24,23.949857711791992
2012-08-27,23.28005599975586
2012-08-28,23.000478744506836
2012-08-29,23.15774154663086
2012-08-30,23.291702270507812
2012-08-31,22.784975051879883
2012-09-03,23.04706573486328
2012-09-04,22.860692977905273
2012-09-05,22.74420738220215
2012-09-06,23.45478630065918
2012-09-07,24.229429244995117
2012-09-10,24.613828659057617
2012-09-11,24.415807723999023
2012-09-12,24.573060989379883
2012-09-14,25.260345458984375
2012-09-17,24.992414474487305
2012-09-18,24.573060989379883
2012-09-19,24.444927215576172
2012-09-20,24.25272560119629
2012-09-21,24.18865966796875
2012-09-24,24.49735450744629
2012-09-25,24.20612335205078
2012-09-26,24.415807723999023
2012-09-27,24.65460777282715
2012-09-28,24.741973876953125
2012-10-01,25.01571273803711
2012-10-02,24.858448028564453
2012-10-03,24.741973876953125
2012-10-04,24.93417739868164
2012-10-05,25.039011001586914
2012-10-08,24.573060989379883
2012-10-09,24.695375442504883
2012-10-10,24.305147171020508
2012-10-11,24.89340591430664
2012-10-12,24.281845092773438
2012-10-15,24.32843589782715
2012-10-16,24.479877471923828
2012-10-17,24.46822166442871
2012-10-18,24.281845092773438
2012-10-19,24.310962677001953
2012-10-22,24.182825088500977
2012-10-23,24.142061233520508
2012-10-24,24.04303741455078
2012-10-25,24.32261085510254
2012-10-26,24.474048614501953
2012-10-29,24.415807723999023
2012-10-30,24.281845092773438
2012-10-31,24.591474533081055
2012-11-05,24.743854522705078
2012-11-06,24.907947540283203
2012-11-07,24.544591903686523
2012-11-08,24.222257614135742
2012-11-09,23.899917602539062
2012-11-12,24.15778350830078
2012-11-13,24.239835739135742
2012-11-14,23.513105392456055
2012-11-15,23.266965866088867
2012-11-16,23.67721176147461
2012-11-20,23.86475372314453
2012-11-21,24.263275146484375
2012-11-22,24.562185287475586
2012-11-23,24.591474533081055
2012-11-26,24.70283317565918
2012-11-27,24.550451278686523
2012-11-28,24.755569458007812
2012-11-29,24.831764221191406
2012-11-30,24.661806106567383
2012-12-03,25.177541732788086
2012-12-04,25.247886657714844
2012-12-05,26.209028244018555
2012-12-06,26.47863006591797
2012-12-07,26.748210906982422
2012-12-10,26.81853485107422
2012-12-11,26.443450927734375
2012-12-13,25.857385635375977
2012-12-14,26.519641876220703
2012-12-17,26.548954010009766
2012-12-18,27.170190811157227
2012-12-19,27.275680541992188
2012-12-20,27.428054809570312
2012-12-21,27.457355499267578
2012-12-24,27.392902374267578
2012-12-26,27.445632934570312
2012-12-27,27.404619216918945
2012-12-28,27.422197341918945
2012-12-31,27.39875602722168
2013-01-02,27.809003829956055
2013-01-03,28.277856826782227
2013-01-04,28.611909866333008
2013-01-07,28.35990333557129
2013-01-08,27.767976760864258
2013-01-09,28.043437957763672
2013-01-10,28.008268356323242
2013-01-11,27.86175537109375
2013-01-14,27.850027084350586
2013-01-15,27.71523094177246
2013-01-16,27.932077407836914
2013-01-17,28.248554229736328
2013-01-18,28.6763916015625
2013-01-21,28.70568084716797
2013-01-22,28.617788314819336
2013-01-23,29.045618057250977
2013-01-24,29.244871139526367
2013-01-25,29.145240783691406
2013-01-28,28.75843048095703
2013-01-29,28.98114013671875
2013-01-30,28.078594207763672
2013-01-31,27.767976760864258
2013-02-01,28.6939697265625
2013-02-05,29.373802185058594
2013-02-06,29.30933952331543
2013-02-07,28.641223907470703
2013-02-08,28.89908218383789
2013-02-11,28.805315017700195
2013-02-12,28.793603897094727
2013-02-13,29.268308639526367
2013-02-14,28.565032958984375
2013-02-15,28.98114013671875
2013-02-18,29.092491149902344
2013-02-19,29.2565860748291
2013-02-20,28.887374877929688
2013-02-21,28.793603897094727
2013-02-22,29.10421371459961
2013-02-25,28.031953811645508
2013-02-26,27.7904052734375
2013-02-27,28.750734329223633
2013-02-28,29.563749313354492
2013-03-01,30.005617141723633
2013-03-04,29.60498809814453
2013-03-05,29.640338897705078
2013-03-06,29.970264434814453
2013-03-07,30.005617141723633
2013-03-08,29.805307388305664
2013-03-11,29.999731063842773
2013-03-12,30.4710636138916
2013-03-13,30.365007400512695
2013-03-14,30.182376861572266
2013-03-15,30.37090301513672
2013-03-19,29.286853790283203
2013-03-20,29.333993911743164
2013-03-21,29.027629852294922
2013-03-22,29.027629852294922
2013-03-25,28.379552841186523
2013-03-26,28.815528869628906
2013-03-27,29.392902374267578
2013-04-01,28.97460174560547
2013-04-02,28.538633346557617
2013-04-03,28.031953811645508
2013-04-04,28.191036224365234
2013-04-05,28.37367057800293
2013-04-08,28.55040740966797
2013-04-09,29.339874267578125
2013-04-10,29.6698055267334
2013-04-11,29.705148696899414
2013-04-12,28.939245223999023
2013-04-15,26.924345016479492
2013-04-16,26.894882202148438
2013-04-17,25.52805519104004
2013-04-18,24.455785751342773
2013-04-19,24.709129333496094
2013-04-22,24.773935317993164
2013-04-23,24.703248977661133
2013-04-24,24.58540916442871
2013-04-25,25.445568084716797
2013-04-26,25.050838470458984
2013-04-29,25.357192993164062
2013-04-30,25.604642868041992
2013-05-02,25.180450439453125
2013-05-03,25.74603843688965
2013-05-06,25.274715423583984
2013-05-07,25.74603843688965
2013-05-08,25.852081298828125
2013-05-09,25.01548957824707
2013-05-10,24.932992935180664
2013-05-13,24.844636917114258
2013-05-14,24.98013687133789
2013-05-15,24.71501350402832
2013-05-16,24.41454315185547
2013-05-17,24.308500289916992
2013-05-20,23.69782257080078
2013-05-21,23.431018829345703
2013-05-22,23.5555362701416
2013-05-23,23.276884078979492
2013-05-24,23.383602142333984
2013-05-27,23.24130630493164
2013-05-28,24.148414611816406
2013-05-29,24.71759605407715
2013-05-30,24.71759605407715
2013-05-31,25.08519172668457
2013-06-03,24.776885986328125
2013-06-04,24.8776798248291
2013-06-05,24.486371994018555
2013-06-06,24.39151382446289
2013-06-07,23.691904067993164
2013-06-10,23.567394256591797
2013-06-11,22.54762077331543
2013-06-12,21.91915512084961
2013-06-13,21.877655029296875
2013-06-14,21.972518920898438
2013-06-17,22.41718292236328
2013-06-18,22.316387176513672
2013-06-19,22.043659210205078
2013-06-20,20.780803680419922
2013-06-21,21.059459686279297
2013-06-24,20.917165756225586
2013-06-25,20.76894187927246
2013-06-26,21.100967407226562
2013-06-27,21.693859100341797
2013-06-28,22.221527099609375
2013-07-01,22.648408889770508
2013-07-02,22.600980758666992
2013-07-03,23.288732528686523
2013-07-04,23.442888259887695
2013-07-05,22.820348739624023
2013-07-08,22.35788917541504
2013-07-09,22.07923698425293
2013-07-10,22.037736892700195
2013-07-11,22.927059173583984
2013-07-12,22.838132858276367
2013-07-15,23.187938690185547
2013-07-16,23.187938690185547
2013-07-17,23.846050262451172
2013-07-18,24.213642120361328
2013-07-19,23.484397888183594
2013-07-22,23.917192459106445
2013-07-23,24.225502014160156
2013-07-24,23.840124130249023
2013-07-25,23.757112503051758
2013-07-26,23.24130630493164
2013-07-29,22.9626407623291
2013-07-30,22.766983032226562
2013-07-31,23.330232620239258
2013-08-01,24.442611694335938
2013-08-02,24.543731689453125
2013-08-05,24.222515106201172
2013-08-06,23.88345718383789
2013-08-07,23.853708267211914
2013-08-08,24.716243743896484
2013-08-09,25.17427635192871
2013-08-12,26.09630584716797
2013-08-13,27.339561462402344
2013-08-14,27.66078758239746
2013-08-15,26.64357566833496
2013-08-16,26.161741256713867
2013-08-19,24.9482421875
2013-08-20,25.90001106262207
2013-08-21,25.441972732543945
2013-08-22,24.81142234802246
2013-08-23,25.001779556274414
2013-08-26,24.353389739990234
2013-08-27,23.728782653808594
2013-08-28,23.449193954467773
2013-08-29,23.122034072875977
2013-08-30,22.723478317260742
2013-09-02,23.69904327392578
2013-09-03,23.28858757019043
2013-09-04,23.532482147216797
2013-09-05,23.133930206298828
2013-09-06,22.931673049926758
2013-09-09,23.62171745300293
2013-09-10,24.103540420532227
2013-09-11,24.389076232910156
2013-09-12,23.633615493774414
2013-09-13,23.78826904296875
2013-09-17,24.478303909301758
2013-09-18,25.477663040161133
2013-09-19,25.73345375061035
2013-09-20,25.102903366088867
2013-09-23,25.52524185180664
2013-09-24,25.209976196289062
2013-09-25,25.382495880126953
2013-09-26,24.69245147705078
2013-09-27,24.103540420532227
2013-09-30,23.270750045776367
2013-10-01,24.00241470336914
2013-10-02,24.25225257873535
2013-10-03,23.835857391357422
2013-10-04,23.764476776123047
2013-10-07,23.633615493774414
2013-10-08,23.532482147216797
2013-10-09,24.067855834960938
2013-10-10,24.650814056396484
2013-10-11,24.942285537719727
2013-10-14,24.627017974853516
2013-10-15,24.216564178466797
2013-10-16,24.180871963500977
2013-10-17,24.25225257873535
2013-10-18,24.460464477539062
2013-10-21,24.20467758178711
2013-10-22,24.942285537719727
2013-10-23,24.805465698242188
2013-10-24,24.67461395263672
2013-10-25,24.716243743896484
2013-10-28,25.13858985900879
2013-10-29,25.090999603271484
2013-10-30,25.013200759887695
2013-10-31,24.666030883789062
2013-11-01,24.95932388305664
2013-11-04,24.86355209350586
2013-11-05,24.055522918701172
2013-11-06,24.4685115814209
2013-11-07,24.486473083496094
2013-11-08,23.905887603759766
2013-11-11,23.498872756958008
2013-11-12,22.9781436920166
2013-11-13,22.822521209716797
2013-11-14,23.977710723876953
2013-11-15,23.462966918945312
2013-11-19,23.367189407348633
2013-11-20,23.247482299804688
2013-11-21,23.427047729492188
2013-11-22,23.33726692199707
2013-11-25,23.02602767944336
2013-11-26,22.56513786315918
2013-11-27,22.708803176879883
2013-11-28,22.864418029785156
2013-11-29,23.253469467163086
2013-12-02,23.181650161743164
2013-12-03,22.774646759033203
2013-12-04,23.26544761657715
2013-12-05,23.76223373413086
2013-12-06,23.768220901489258
2013-12-09,24.498451232910156
2013-12-10,24.8037052154541
2013-12-11,24.19318962097168
2013-12-13,24.091440200805664
2013-12-16,24.241077423095703
2013-12-17,24.570270538330078
2013-12-18,25.108959197998047
2013-12-19,25.3663387298584
2013-12-20,25.940946578979492
2013-12-23,25.492036819458008
2013-12-26,25.63568115234375
2013-12-27,25.845172882080078
2013-12-30,26.09656524658203
2014-01-02,25.779327392578125
2014-01-03,25.34239387512207
2014-01-06,24.612167358398438
2014-01-07,24.749828338623047
2014-01-08,24.941368103027344
2014-01-09,25.162822723388672
2014-01-10,25.905025482177734
2014-01-13,25.69554328918457
2014-01-14,26.1025447845459
2014-01-15,25.659618377685547
2014-01-16,25.52195930480957
2014-01-17,25.934959411621094
2014-01-20,25.85116195678711
2014-01-21,25.216699600219727
2014-01-22,25.69554328918457
2014-01-23,25.3663387298584
2014-01-24,24.929401397705078
2014-01-27,25.40224838256836
2014-01-28,25.1867733001709
2014-01-29,25.120927810668945
2014-01-30,25.55786895751953
2014-01-31,25.911012649536133
2014-02-04,25.450136184692383
2014-02-05,25.599767684936523
2014-02-06,25.99480628967285
2014-02-07,26.138458251953125
2014-02-10,25.498010635375977
2014-02-11,25.575830459594727
2014-02-12,26.006778717041016
2014-02-13,26.422266006469727
2014-02-14,26.49452781677246
2014-02-17,26.548721313476562
2014-02-18,25.928491592407227
2014-02-19,25.573230743408203
2014-02-20,25.03129005432129
2014-02-21,25.181835174560547
2014-02-24,25.63946533203125
2014-02-25,25.33839225769043
2014-02-26,24.928936004638672
2014-02-27,24.977108001708984
2014-02-28,24.525497436523438
2014-03-03,24.447216033935547
2014-03-04,24.82657241821289
2014-03-05,25.181835174560547
2014-03-06,25.115598678588867
2014-03-07,24.266572952270508
2014-03-10,23.489797592163086
2014-03-11,22.91775894165039
2014-03-12,23.05022430419922
2014-03-13,22.2132511138916
2014-03-14,22.544429779052734
2014-03-18,22.98399543762207
2014-03-19,22.797332763671875
2014-03-20,23.501840591430664
2014-03-21,23.5379695892334
2014-03-24,23.14657211303711
2014-03-25,23.489797592163086
2014-03-26,23.260982513427734
2014-03-27,23.74270248413086
2014-03-28,24.356891632080078
2014-03-31,24.82657241821289
2014-04-01,24.567657470703125
2014-04-02,25.145706176757812
2014-04-03,25.007211685180664
2014-04-04,24.591733932495117
2014-04-07,24.802486419677734
2014-04-08,25.043336868286133
2014-04-09,25.266136169433594
2014-04-10,24.94097900390625
2014-04-11,24.91689109802246
2014-04-14,24.15216636657715
2014-04-15,24.236467361450195
2014-04-16,24.784414291381836
2014-04-21,24.266572952270508
2014-04-22,24.073890686035156
2014-04-23,23.6102294921875
2014-04-24,23.55603790283203
2014-04-25,23.357316970825195
2014-04-28,23.489797592163086
2014-04-29,23.983556747436523
2014-04-30,23.658397674560547
2014-05-02,23.67646598815918
2014-05-05,24.013673782348633
2014-05-06,24.20033836364746
2014-05-07,24.567657470703125
2014-05-08,24.393024444580078
2014-05-09,24.543554306030273
2014-05-12,25.145706176757812
2014-05-13,24.995166778564453
2014-05-14,25.53710174560547
2014-05-15,25.350433349609375
2014-05-16,25.50096893310547
2014-05-19,25.681623458862305
2014-05-20,25.15774917602539
2014-05-21,25.296249389648438
2014-05-22,25.63344383239746
2014-05-23,26.48849868774414
2014-05-26,26.482481002807617
2014-05-27,26.494565963745117
2014-05-28,26.173982620239258
2014-05-29,26.409887313842773
2014-05-30,25.611425399780273
2014-06-02,26.028804779052734
2014-06-03,26.095340728759766
2014-06-04,25.81708335876465
2014-06-05,25.732406616210938
2014-06-06,26.228429794311523
2014-06-09,26.204225540161133
2014-06-10,25.895727157592773
2014-06-11,25.63561248779297
2014-06-12,25.4057559967041
2014-06-13,25.133554458618164
2014-06-16,25.472293853759766
2014-06-17,25.696117401123047
2014-06-18,26.15583038330078
2014-06-19,26.071144104003906
2014-06-20,26.071144104003906
2014-06-23,26.246562957763672
2014-06-24,26.077198028564453
2014-06-25,26.071144104003906
2014-06-26,25.78079605102539
2014-06-27,25.411808013916016
2014-06-30,26.1497859954834
2014-07-01,26.282854080200195
2014-07-02,26.67000389099121
2014-07-03,27.117624282836914
2014-07-04,27.184162139892578
2014-07-07,27.153913497924805
2014-07-08,27.680177688598633
2014-07-09,27.65597915649414
2014-07-10,27.535005569458008
2014-07-11,27.099477767944336
2014-07-14,27.54710578918457
2014-07-15,27.196256637573242
2014-07-16,27.480562210083008
2014-07-17,27.069229125976562
2014-07-18,27.299095153808594
2014-07-21,27.770906448364258
2014-07-22,28.04916000366211
2014-07-23,28.56331443786621
2014-07-24,28.25482940673828
2014-07-25,28.587526321411133
2014-07-28,28.78109359741211
2014-07-29,28.877878189086914
2014-07-30,29.04725456237793
2014-07-31,28.412109375
2014-08-01,28.64801788330078
2014-08-04,28.877878189086914
2014-08-05,29.78522300720215
2014-08-06,29.34738540649414
2014-08-07,29.329130172729492
2014-08-08,28.879140853881836
2014-08-11,29.280481338500977
2014-08-12,29.085895538330078
2014-08-13,28.915632247924805
2014-08-14,28.751440048217773
2014-08-15,28.714941024780273
2014-08-18,28.860897064208984
2014-08-19,28.477794647216797
2014-08-20,28.65414047241211
2014-08-21,27.772388458251953
2014-08-22,28.106840133666992
2014-08-25,28.356149673461914
2014-08-26,28.733200073242188
2014-08-27,28.866973876953125
2014-08-28,28.58725357055664
2014-08-29,28.885217666625977
2014-09-01,28.68454933166504
2014-09-02,28.55684471130371
2014-09-03,28.55684471130371
2014-09-04,28.611576080322266
2014-09-05,28.65414047241211
2014-09-08,28.69670295715332
2014-09-09,28.331829071044922
2014-09-10,28.331829071044922
2014-09-11,28.228464126586914
2014-09-12,28.55684471130371
2014-09-15,28.36833381652832
2014-09-17,28.489946365356445
2014-09-18,28.210214614868164
2014-09-19,28.3135929107666
2014-09-22,27.036571502685547
2014-09-23,26.99399185180664
2014-09-24,27.27373504638672
2014-09-25,26.677780151367188
2014-09-26,26.945350646972656
2014-09-29,26.84805679321289
2014-09-30,27.346702575683594
2014-10-01,26.981828689575195
2014-10-02,26.623056411743164
2014-10-03,27.02440071105957
2014-10-06,27.249404907226562
2014-10-07,26.981828689575195
2014-10-08,27.219003677368164
2014-10-09,26.90886688232422
2014-10-10,26.54400062561035
2014-10-13,26.665616989135742
2014-10-14,26.781158447265625
2014-10-15,26.93317985534668
2014-10-16,27.006160736083984
2014-10-17,26.82980728149414
2014-10-20,27.012250900268555
2014-10-21,27.20683479309082
2014-10-22,27.47440528869629
2014-10-23,27.279809951782227
2014-10-24,27.17035675048828
2014-10-27,27.4196720123291
2014-10-28,27.741971969604492
2014-10-29,27.821029663085938
2014-10-30,27.875762939453125
2014-10-31,28.137252807617188
2014-11-03,28.41244125366211
2014-11-04,28.284019470214844
2014-11-05,28.40020751953125
2014-11-06,28.45526123046875
2014-11-07,28.42466926574707
2014-11-10,28.137248992919922
2014-11-11,28.27178382873535
2014-11-12,27.917089462280273
2014-11-13,27.52569007873535
2014-11-14,28.06998062133789
2014-11-18,27.75809097290039
2014-11-19,27.996583938598633
2014-11-20,27.672470092773438
2014-11-21,28.30236053466797
2014-11-24,28.449134826660156
2014-11-25,28.02716636657715
2014-11-26,28.436914443969727
2014-11-27,28.363521575927734
2014-11-28,27.862062454223633
2014-12-01,27.244386672973633
2014-12-02,26.908048629760742
2014-12-03,26.71234130859375
2014-12-04,26.63284683227539
2014-12-05,27.195465087890625
2014-12-08,26.895814895629883
2014-12-09,26.785734176635742
2014-12-10,26.706226348876953
2014-12-11,26.816303253173828
2014-12-15,25.776676177978516
2014-12-16,25.636032104492188
2014-12-17,25.752216339111328
2014-12-18,26.51665496826172
2014-12-19,26.308719635009766
2014-12-22,26.088577270507812
2014-12-23,26.094690322875977
2014-12-24,26.082454681396484
2014-12-26,25.62379264831543
2014-12-29,26.363773345947266
2014-12-30,25.984603881835938
2014-12-31,26.186424255371094
2015-01-02,25.795026779174805
2015-01-05,24.785974502563477
2015-01-06,24.88382911682129
2015-01-07,25.43421745300293
2015-01-08,25.782791137695312
2015-01-09,25.88675880432129
2015-01-12,25.214059829711914
2015-01-13,24.706472396850586
2015-01-14,23.54453468322754
2015-01-15,23.838077545166016
2015-01-16,24.486312866210938
2015-01-19,24.10715675354004
2015-01-20,24.278385162353516
2015-01-21,25.256858825683594
2015-01-22,25.574867248535156
2015-01-23,24.694244384765625
2015-01-26,25.342477798461914
2015-01-27,25.116207122802734
2015-01-28,24.804323196411133
2015-01-29,24.590290069580078
2015-01-30,24.211116790771484
2015-02-03,25.07951545715332
2015-02-04,26.66954231262207
2015-02-05,27.27497100830078
2015-02-06,27.611310958862305
2015-02-09,27.63577651977539
2015-02-10,27.201576232910156
2015-02-11,26.975305557250977
2015-02-12,27.47677230834961
2015-02-13,27.82123565673828
2015-02-16,27.618249893188477
2015-02-17,27.950414657592773
2015-02-18,28.1287841796875
2015-02-19,28.331777572631836
2015-02-20,28.8054141998291
2015-02-23,28.965330123901367
2015-02-24,28.516305923461914
2015-02-25,27.845840454101562
2015-02-26,28.307165145874023
2015-02-27,27.81507682800293
2015-03-02,27.839689254760742
2015-03-03,27.48907470703125
2015-03-04,27.587495803833008
2015-03-05,27.48293685913086
2015-03-06,27.003143310546875
2015-03-09,27.04619598388672
2015-03-10,26.554122924804688
2015-03-11,26.917030334472656
2015-03-12,27.74742317199707
2015-03-13,27.741273880004883
2015-03-17,27.513683319091797
2015-03-18,27.888896942138672
2015-03-19,28.165693283081055
2015-03-20,28.251815795898438
2015-03-23,28.344078063964844
2015-03-24,28.337913513183594
2015-03-25,28.245655059814453
2015-03-26,27.858137130737305
2015-03-27,27.34145164489746
2015-03-30,27.759721755981445
2015-03-31,27.71051597595215
2015-04-01,27.45832061767578
2015-04-06,27.759721755981445
2015-04-07,27.956562042236328
2015-04-08,27.90121078491211
2015-04-09,27.71666717529297
2015-04-10,27.48907470703125
2015-04-13,27.802778244018555
2015-04-14,28.40558624267578
2015-04-15,28.583972930908203
2015-04-16,28.39943504333496
2015-04-17,28.171855926513672
2015-04-20,28.165693283081055
2015-04-21,28.018070220947266
2015-04-22,28.110334396362305
2015-04-23,28.282567977905273
2015-04-24,28.743898391723633
2015-04-27,28.922277450561523
2015-04-28,29.272891998291016
2015-04-29,28.86076545715332
2015-04-30,29.131410598754883
2015-05-04,29.43281364440918
2015-05-05,29.723493576049805
2015-05-06,30.063648223876953
2015-05-07,30.04509735107422
2015-05-08,30.162601470947266
2015-05-11,30.15642547607422
2015-05-12,30.49039649963379
2015-05-13,30.781070709228516
2015-05-14,30.898574829101562
2015-05-15,30.73777961730957
2015-05-18,30.496578216552734
2015-05-19,30.11931610107422
2015-05-20,30.174964904785156
2015-05-21,30.051280975341797
2015-05-22,29.927581787109375
2015-05-25,29.87192726135254
2015-05-26,29.43899154663086
2015-05-27,29.618349075317383
2015-05-28,29.562692642211914
2015-05-29,29.494653701782227
2015-06-01,28.78960609436035
2015-06-02,29.148324966430664
2015-06-03,29.067922592163086
2015-06-04,28.554594039916992
2015-06-05,28.808156967163086
2015-06-08,28.962785720825195
2015-06-09,29.2781982421875
2015-06-10,29.272005081176758
2015-06-11,29.241086959838867
2015-06-12,29.463735580444336
2015-06-15,29.494653701782227
2015-06-16,29.85335922241211
2015-06-17,29.43899154663086
2015-06-18,29.74205207824707
2015-06-19,29.055545806884766
2015-06-22,29.08646583557129
2015-06-23,29.2781982421875
2015-06-24,29.840999603271484
2015-06-25,29.451364517211914
2015-06-26,29.72967529296875
2015-06-29,28.82671546936035
2015-06-30,29.30293846130371
2015-07-01,28.83908462524414
2015-07-02,28.85146141052246
2015-07-03,28.746315002441406
2015-07-06,27.93613052368164
2015-07-07,28.152597427368164
2015-07-08,27.676368713378906
2015-07-09,27.385690689086914
2015-07-10,27.35477066040039
2015-07-13,27.57741355895996
2015-07-14,27.360950469970703
2015-07-15,27.243436813354492
2015-07-16,27.719669342041016
2015-07-17,27.99797248840332
2015-07-20,27.787687301635742
2015-07-21,27.620704650878906
2015-07-22,26.464176177978516
2015-07-23,26.433246612548828
2015-07-24,26.260089874267578
2015-07-27,25.678714752197266
2015-07-28,26.538389205932617
2015-07-29,27.064090728759766
2015-07-30,26.866180419921875
2015-07-31,27.2496280670166
2015-08-03,26.488914489746094
2015-08-04,26.345796585083008
2015-08-05,26.681812286376953
2015-08-06,26.65691375732422
2015-08-07,26.600919723510742
2015-08-10,27.304058074951172
2015-08-11,26.358240127563477
2015-08-12,26.445356369018555
2015-08-13,26.003564834594727
2015-08-14,25.760889053344727
2015-08-17,25.91645050048828
2015-08-18,25.785778045654297
2015-08-19,25.704885482788086
2015-08-20,25.617774963378906
2015-08-21,25.02663803100586
2015-08-24,24.28616714477539
2015-08-25,24.50395965576172
2015-08-26,24.622182846069336
2015-08-27,25.630216598510742
2015-08-28,26.040903091430664
2015-08-31,26.414249420166016
2015-09-01,25.499547958374023
2015-09-02,25.54932403564453
2015-09-03,25.82933807373047
2015-09-04,25.18220329284668
2015-09-07,25.449764251708984
2015-09-08,26.264911651611328
2015-09-09,26.00977897644043
2015-09-10,26.488914489746094
2015-09-11,26.327136993408203
2015-09-14,26.146677017211914
2015-09-15,26.246240615844727
2015-09-17,26.308462142944336
2015-09-18,25.872888565063477
2015-09-21,25.767114639282227
2015-09-22,25.41243553161621
2015-09-23,25.294204711914062
2015-09-24,25.269319534301758
2015-09-25,25.312877655029297
2015-09-28,24.796405792236328
2015-09-29,25.331539154052734
2015-09-30,25.462217330932617
2015-10-01,25.356430053710938
2015-10-02,25.449764251708984
2015-10-05,25.86045265197754
2015-10-06,26.520029067993164
2015-10-07,27.0364933013916
2015-10-08,27.291603088378906
2015-10-09,28.175207138061523
2015-10-12,28.2436466217041
2015-10-13,27.708515167236328
2015-10-14,27.55295181274414
2015-10-15,27.080049514770508
2015-10-16,26.725364685058594
2015-10-19,26.79380989074707
2015-10-20,26.501361846923828
2015-10-21,26.00977897644043
2015-10-22,25.810670852661133
2015-10-23,25.997339248657227
2015-10-26,26.246240615844727
2015-10-27,25.96622657775879
2015-10-28,25.151090621948242
2015-10-29,24.77774429321289
2015-10-30,25.039091110229492
2015-11-03,25.113752365112305
2015-11-04,25.119985580444336
2015-11-05,24.96364402770996
2015-11-06,24.882341384887695
2015-11-09,24.694744110107422
2015-11-10,24.59469223022461
2015-11-11,24.41958999633789
2015-11-12,23.91306495666504
2015-11-13,23.813005447387695
2015-11-17,23.262714385986328
2015-11-18,23.719215393066406
2015-11-19,23.462818145751953
2015-11-20,23.631669998168945
2015-11-23,23.043842315673828
2015-11-24,23.0938663482666
2015-11-25,23.006319046020508
2015-11-26,23.181421279907227
2015-11-27,23.200178146362305
2015-11-30,22.69365882873535
2015-12-01,22.737428665161133
2015-12-02,22.2996883392334
2015-12-03,22.21839141845703
2015-12-04,22.22464370727539
2015-12-07,22.22464370727539
2015-12-08,21.924482345581055
2015-12-09,22.01828384399414
2015-12-10,21.968252182006836
2015-12-11,22.31844711303711
2015-12-14,22.387235641479492
2015-12-15,22.849992752075195
2015-12-16,23.131399154663086
2015-12-17,23.306488037109375
2015-12-18,23.081363677978516
2015-12-21,23.100120544433594
2015-12-22,23.012571334838867
2015-12-23,23.956836700439453
2015-12-24,23.719215393066406
2015-12-28,23.375274658203125
2015-12-29,23.419044494628906
2015-12-30,23.168907165527344
2015-12-31,23.006319046020508
2016-01-04,22.330949783325195
2016-01-05,22.793710708618164
2016-01-06,22.243404388427734
2016-01-07,21.893211364746094
2016-01-08,21.36166763305664
2016-01-11,21.36166763305664
2016-01-12,21.943239212036133
2016-01-13,22.037038803100586
2016-01-14,22.037038803100586
2016-01-15,21.580541610717773
2016-01-18,21.317901611328125
2016-01-19,21.249114990234375
2016-01-20,21.824426651000977
2016-01-21,21.59304428100586
2016-01-22,21.749387741088867
2016-01-25,21.374181747436523
2016-01-26,22.149606704711914
2016-01-27,21.536773681640625
2016-01-28,21.555526733398438
2016-01-29,21.99327278137207
2016-02-02,20.967710494995117
2016-02-03,21.317901611328125
2016-02-04,22.262168884277344
2016-02-05,21.73687171936035
2016-02-08,21.26162338256836
2016-02-09,21.280384063720703
2016-02-10,21.05459213256836
2016-02-11,21.02950668334961
2016-02-12,21.869932174682617
2016-02-15,22.164710998535156
2016-02-16,22.53474998474121
2016-02-17,23.19329261779785
2016-02-18,23.19329261779785
2016-02-19,23.281099319458008
2016-02-22,23.525693893432617
2016-02-23,23.1368465423584
2016-02-24,23.42535400390625
2016-02-25,23.73267364501953
2016-02-26,23.86438751220703
2016-02-29,23.927099227905273
2016-03-01,23.964733123779297
2016-03-02,24.37866973876953
2016-03-03,24.780067443847656
2016-03-04,24.79888916015625
2016-03-07,25.256731033325195
2016-03-08,24.85533332824707
2016-03-09,25.319454193115234
2016-03-10,25.88391876220703
2016-03-11,26.818422317504883
2016-03-14,26.46718978881836
2016-03-15,25.915271759033203
2016-03-16,26.35430335998535
2016-03-17,27.006576538085938
2016-03-18,26.667896270751953
2016-03-22,27.01912498474121
2016-03-23,27.063026428222656
2016-03-28,26.968942642211914
2016-03-29,26.667896270751953
2016-03-30,26.66162109375
2016-03-31,26.122249603271484
2016-04-01,25.764747619628906
2016-04-04,25.582862854003906
2016-04-05,25.0873966217041
2016-04-06,25.150110244750977
2016-04-07,24.428852081298828
2016-04-08,24.215600967407227
2016-04-11,25.049758911132812
2016-04-12,25.695755004882812
2016-04-13,26.3480281829834
2016-04-14,26.580095291137695
2016-04-15,26.47347640991211
2016-04-18,27.012840270996094
2016-04-19,27.00030517578125
2016-04-20,26.492279052734375
2016-04-21,26.147329330444336
2016-04-22,26.02189826965332
2016-04-25,25.852558135986328
2016-04-26,25.846277236938477
2016-04-27,26.247682571411133
2016-04-28,27.489513397216797
2016-04-29,27.44560432434082
2016-05-02,26.881132125854492
2016-05-03,26.2288761138916
2016-05-04,25.846277236938477
2016-05-05,25.52642822265625
2016-05-06,25.53896141052246
2016-05-09,25.432348251342773
2016-05-10,25.63304901123047
2016-05-11,25.72084617614746
2016-05-12,25.94663429260254
2016-05-13,25.714569091796875
2016-05-16,25.73338508605957
2016-05-17,26.003074645996094
2016-05-18,25.996782302856445
2016-05-19,25.575048446655273
2016-05-20,25.732404708862305
2016-05-23,25.442855834960938
2016-05-24,25.637990951538086
2016-05-25,25.977901458740234
2016-05-26,26.08491325378418
2016-05-27,26.267457962036133
2016-05-30,26.0786075592041
2016-05-31,25.73870086669922
2016-06-01,25.58763885498047
2016-06-02,25.568756103515625
2016-06-03,25.870891571044922
2016-06-06,26.12897300720215
2016-06-07,26.05343246459961
2016-06-08,26.267457962036133
2016-06-09,25.663169860839844
2016-06-10,25.0211238861084
2016-06-13,25.216251373291016
2016-06-14,25.15330696105957
2016-06-15,25.732404708862305
2016-06-16,26.242273330688477
2016-06-17,26.368165969848633
2016-06-20,26.701780319213867
2016-06-21,26.73955535888672
2016-06-22,26.8465518951416
2016-06-23,26.88433837890625
2016-06-24,25.524700164794922
2016-06-27,25.373619079589844
2016-06-28,25.228837966918945
2016-06-29,26.09749412536621
2016-06-30,27.123533248901367
2016-07-01,26.815080642700195
2016-07-04,26.682903289794922
2016-07-05,25.80794334411621
2016-07-06,25.241437911987305
2016-07-07,25.493221282958984
2016-07-08,26.01566505432129
2016-07-11,26.575891494750977
2016-07-12,27.060579299926758
2016-07-13,27.117223739624023
2016-07-14,27.394197463989258
2016-07-15,27.828516006469727
2016-07-18,27.891456604003906
2016-07-19,27.778160095214844
2016-07-20,27.62079620361328
2016-07-21,27.696331024169922
2016-07-22,27.671152114868164
2016-07-25,26.783605575561523
2016-07-26,27.708925247192383
2016-07-27,28.332090377807617
2016-07-28,28.892309188842773
2016-07-29,28.48316192626953
2016-08-01,28.810483932495117
2016-08-02,29.12521743774414
2016-08-03,29.85538673400879
2016-08-04,29.899446487426758
2016-08-05,29.817617416381836
2016-08-08,29.98128318786621
2016-08-09,29.591014862060547
2016-08-10,29.880565643310547
2016-08-11,30.226776123046875
2016-08-12,30.868818283081055
2016-08-15,31.240209579467773
2016-08-16,31.624170303344727
2016-08-17,30.843643188476562
2016-08-18,30.201601028442383
2016-08-19,30.390443801879883
2016-08-22,30.510028839111328
2016-08-23,29.746013641357422
2016-08-24,29.386110305786133
2016-08-25,29.63235092163086
2016-08-26,29.259822845458984
2016-08-29,29.316646575927734
2016-08-30,29.651302337646484
2016-08-31,29.714447021484375
2016-09-01,29.00726318359375
2016-09-02,29.423994064331055
2016-09-05,29.25351905822754
2016-09-06,29.76495933532715
2016-09-07,29.663915634155273
2016-09-08,29.537647247314453
2016-09-09,28.337949752807617
2016-09-12,28.12327766418457
2016-09-13,27.630773544311523
2016-09-14,27.630773544311523
2016-09-15,27.100378036499023
2016-09-19,27.656024932861328
2016-09-20,27.763368606567383
2016-09-21,28.394784927368164
2016-09-22,29.506071090698242
2016-09-23,29.27244758605957
2016-09-26,29.30401611328125
2016-09-27,29.70812225341797
2016-09-28,30.276409149169922
2016-09-29,29.63235092163086
2016-09-30,29.91650390625
2016-10-03,29.746013641357422
2016-10-04,30.143810272216797
2016-10-05,30.289030075073242
2016-10-06,30.137487411499023
2016-10-07,29.828100204467773
2016-10-10,29.96701431274414
2016-10-11,30.124866485595703
2016-10-12,29.99226188659668
2016-10-13,30.238525390625
2016-10-14,30.004892349243164
2016-10-17,30.0301570892334
2016-10-18,30.181686401367188
2016-10-19,30.307973861694336
2016-10-20,30.22589111328125
2016-10-21,30.181686401367188
2016-10-24,30.200637817382812
2016-10-25,30.326915740966797
2016-10-26,29.93543815612793
2016-10-27,30.301671981811523
2016-10-28,29.27244758605957
2016-10-31,29.405059814453125
2016-11-01,28.849401473999023
2016-11-03,28.413732528686523
2016-11-04,29.84703826904297
2016-11-07,30.630001068115234
2016-11-08,30.8131046295166
2016-11-09,32.107521057128906
2016-11-10,32.96623611450195
2016-11-11,35.16356658935547
2016-11-14,36.19908142089844
2016-11-15,34.65842056274414
2016-11-16,34.039649963378906
2016-11-17,34.25432586669922
2016-11-18,33.465057373046875
2016-11-22,35.05622482299805
2016-11-23,35.422454833984375
2016-11-24,36.57161331176758
2016-11-25,36.93246078491211
2016-11-28,36.80584716796875
2016-11-29,36.35639190673828
2016-11-30,35.641029357910156
2016-12-01,36.400699615478516
2016-12-02,37.31861877441406
2016-12-05,38.79364776611328
2016-12-06,38.559417724609375
2016-12-07,38.66703796386719
2016-12-08,39.57230758666992
2016-12-09,40.009117126464844
2016-12-13,38.470787048339844
2016-12-14,38.62905502319336
2016-12-15,37.80607604980469
2016-12-16,35.849937438964844
2016-12-19,34.72309875488281
2016-12-20,34.969993591308594
2016-12-21,34.9320068359375
2016-12-22,35.159915924072266
2016-12-23,35.792972564697266
2016-12-26,35.30550765991211
2016-12-27,35.40047073364258
2016-12-28,36.552635192871094
2016-12-29,36.53364944458008
2016-12-30,35.723323822021484
2017-01-02,35.723323822021484
2017-01-03,36.35639190673828
2017-01-04,36.69190216064453
2017-01-05,37.66047286987305
2017-01-06,36.84383773803711
2017-01-09,36.35639190673828
2017-01-10,37.69212341308594
2017-01-11,37.97067642211914
2017-01-12,39.14183044433594
2017-01-13,39.179813385009766
2017-01-16,38.888607025146484
2017-01-17,37.711116790771484
2017-01-18,38.8126335144043
2017-01-19,38.24921798706055
2017-01-20,38.59107971191406
2017-01-23,39.79388427734375
2017-01-24,41.566429138183594
2017-01-25,40.87006378173828
2017-01-26,39.32542419433594
2017-01-27,39.04686737060547
2017-01-30,38.559417724609375
2017-01-31,39.59129333496094
2017-02-01,41.05365753173828
2017-02-02,40.07875061035156
2017-02-03,40.44591522216797
2017-02-07,40.401611328125
2017-02-08,40.79410171508789
2017-02-09,39.96480178833008
2017-02-10,41.05997848510742
2017-02-13,41.90828323364258
2017-02-14,41.95893478393555
2017-02-15,40.83842086791992
2017-02-16,41.19926071166992
2017-02-17,40.724456787109375
2017-02-20,41.15494155883789
2017-02-21,42.376747131347656
2017-02-22,41.02200698852539
2017-02-23,39.90148162841797
2017-02-24,39.5582275390625
2017-02-27,39.05603790283203
2017-02-28,38.73820495605469
2017-03-01,39.34210205078125
2017-03-02,40.27655029296875
2017-03-03,39.984130859375
2017-03-06,39.672645568847656
2017-03-07,38.61106872558594
2017-03-08,37.96267318725586
2017-03-09,37.67025375366211
2017-03-10,37.60670471191406
2017-03-13,37.72111511230469
2017-03-14,37.70204544067383
2017-03-15,38.13430404663086
2017-03-16,37.619407653808594
2017-03-17,37.69569778442383
2017-03-21,37.43505859375
2017-03-22,37.99446487426758
2017-03-23,38.388587951660156
2017-03-24,38.24237060546875
2017-03-27,37.00916290283203
2017-03-28,35.98571014404297
2017-03-29,36.977378845214844
2017-03-30,36.576904296875
2017-03-31,35.77595520019531
2017-04-03,35.833152770996094
2017-04-04,36.86295700073242
2017-04-05,36.97100830078125
2017-04-06,36.62139892578125
2017-04-07,36.09377670288086
2017-04-10,36.297203063964844
2017-04-11,36.36077117919922
2017-04-12,35.50260543823242
2017-04-17,35.08306121826172
2017-04-18,34.93684387207031
2017-04-19,35.280120849609375
2017-04-20,36.22727966308594
2017-04-21,35.903072357177734
2017-04-24,35.33097457885742
2017-04-25,35.623374938964844
2017-04-26,35.33097457885742
2017-04-27,35.324623107910156
2017-04-28,35.197479248046875
2017-05-02,35.03219985961914
2017-05-03,34.288455963134766
2017-05-04,33.91976547241211
2017-05-05,33.99605178833008
2017-05-08,33.881629943847656
2017-05-09,34.307533264160156
2017-05-10,34.390167236328125
2017-05-11,34.307533264160156
2017-05-12,34.06597900390625
2017-05-15,34.01512145996094
2017-05-16,33.32859420776367
2017-05-17,32.597557067871094
2017-05-18,32.27972412109375
2017-05-19,33.8625602722168
2017-05-22,33.087032318115234
2017-05-23,32.90269088745117
2017-05-24,33.38578796386719
2017-05-25,33.881629943847656
2017-05-26,33.93882751464844
2017-05-29,33.606414794921875
2017-05-30,33.21645736694336
2017-05-31,32.28312683105469
2017-06-01,32.66029739379883
2017-06-02,32.506874084472656
2017-06-05,32.69865417480469
2017-06-06,32.37262725830078
2017-06-07,32.3087043762207
2017-06-08,32.1360969543457
2017-06-09,32.334266662597656
2017-06-12,31.912353515625
2017-06-13,31.905963897705078
2017-06-14,32.001861572265625
2017-06-15,31.432903289794922
2017-06-16,32.09135055541992
2017-06-19,31.688613891601562
2017-06-20,31.330617904663086
2017-06-21,31.145217895507812
2017-06-22,30.81280517578125
2017-06-23,30.88312339782715
2017-06-26,31.036558151245117
2017-06-27,31.484037399291992
2017-06-28,32.1041374206543
2017-06-29,31.76531410217285
2017-06-30,32.64750671386719
2017-07-03,33.606414794921875
2017-07-04,33.75983428955078
2017-07-05,33.881309509277344
2017-07-06,33.90687942504883
2017-07-07,34.20732879638672
2017-07-10,34.27766036987305
2017-07-11,34.303218841552734
2017-07-12,34.71235656738281
2017-07-13,35.1534423828125
2017-07-14,35.58815383911133
2017-07-17,35.824676513671875
2017-07-18,35.7607421875
2017-07-19,35.632896423339844
2017-07-20,35.415550231933594
2017-07-21,35.370811462402344
2017-07-24,35.562591552734375
2017-07-25,36.64933776855469
2017-07-26,37.365333557128906
2017-07-27,37.167144775390625
2017-07-28,37.173545837402344
2017-07-31,37.071258544921875
2017-08-01,37.179931640625
2017-08-02,37.25665283203125
2017-08-03,37.35893630981445
2017-08-04,37.39728927612305
2017-08-07,37.314186096191406
2017-08-08,37.25665283203125
2017-08-09,37.24386978149414
2017-08-10,36.17628479003906
2017-08-11,35.511436462402344
2017-08-14,36.483123779296875
2017-08-15,36.24021530151367
2017-08-16,36.898658752441406
2017-08-17,36.61737823486328
2017-08-18,36.853904724121094
2017-08-21,37.35514450073242
2017-08-22,38.036312103271484
2017-08-23,37.83711242675781
2017-08-24,38.31907272338867
2017-08-25,38.3319206237793
2017-08-28,38.53755569458008
2017-08-29,38.23553466796875
2017-08-30,38.19697189331055
2017-08-31,37.875667572021484
2017-09-01,38.02988815307617
2017-09-04,38.177696228027344
2017-09-05,38.06201934814453
2017-09-06,37.875667572021484
2017-09-07,38.08772659301758
2017-09-08,37.316585540771484
2017-09-11,37.41299057006836
2017-09-12,37.36157989501953
2017-09-13,36.26270294189453
2017-09-14,35.90283966064453
2017-09-15,35.51085662841797
2017-09-18,35.465858459472656
2017-09-19,35.587955474853516
2017-09-20,35.59438705444336
2017-09-21,35.279502868652344
2017-09-22,35.14455795288086
2017-09-25,34.72043991088867
2017-09-26,35.0031852722168
2017-09-27,35.31806182861328
2017-09-28,35.98637771606445
2017-09-29,35.78717041015625
2017-10-02,35.459434509277344
2017-10-03,35.960670471191406
2017-10-04,36.15988540649414
2017-10-05,37.21377182006836
2017-10-06,37.23948669433594
2017-10-09,37.348716735839844
2017-10-10,37.62504577636719
2017-10-11,37.8499755859375
2017-10-12,37.64432144165039
2017-10-13,38.15200424194336
2017-10-16,39.51433181762695
2017-10-17,39.70068359375
2017-10-18,39.662132263183594
2017-10-19,39.38581466674805
2017-10-20,38.576107025146484
2017-10-23,38.653228759765625
2017-10-24,39.7392463684082
2017-10-25,40.51681137084961
2017-10-26,40.799560546875
2017-10-27,40.65818786621094
2017-10-30,40.073402404785156
2017-10-31,40.06055450439453
2017-11-01,40.06698226928711
2017-11-03,40.47824478149414
2017-11-06,40.69031524658203
2017-11-07,41.00518798828125
2017-11-08,40.9987678527832
2017-11-09,40.1312370300293
2017-11-10,39.41151428222656
2017-11-13,38.775325775146484
2017-11-14,38.20981979370117
2017-11-15,37.393707275390625
2017-11-16,37.52865982055664
2017-11-17,37.84353256225586
2017-11-21,38.72346878051758
2017-11-22,39.8039665222168
2017-11-23,38.97580337524414
2017-11-24,39.182838439941406
2017-11-27,38.801109313964844
2017-11-28,39.3381233215332
2017-11-29,39.26696014404297
2017-11-30,37.740013122558594
2017-12-01,37.68825912475586
2017-12-04,37.53944396972656
2017-12-05,37.5717887878418
2017-12-06,36.87949752807617
2017-12-07,38.07645034790039
2017-12-08,38.13469696044922
2017-12-11,38.13469696044922
2017-12-13,39.26696014404297
2017-12-14,38.794639587402344
2017-12-15,38.775230407714844
2017-12-18,39.3381233215332
2017-12-19,39.4998779296875
2017-12-20,39.312232971191406
2017-12-21,39.8039665222168
2017-12-22,40.28922653198242
2017-12-26,40.03042984008789
2017-12-27,40.37980270385742
2017-12-28,40.748600006103516
2017-12-29,41.99732971191406
2018-01-02,42.69609069824219
2018-01-03,42.831966400146484
2018-01-04,42.13967514038086
2018-01-05,42.489044189453125
2018-01-08,42.27553939819336
2018-01-09,42.482582092285156
2018-01-10,42.31435775756836
2018-01-11,42.74138641357422
2018-01-12,42.825504302978516
2018-01-15,42.88372802734375
2018-01-16,42.39848709106445
2018-01-17,42.68315505981445
2018-01-18,42.22378921508789
2018-01-19,41.796756744384766
2018-01-22,41.46030807495117
2018-01-23,41.33091735839844
2018-01-24,42.41141891479492
2018-01-25,42.96784973144531
2018-01-26,44.022464752197266
2018-01-29,43.394859313964844
2018-01-30,42.379058837890625
2018-01-31,42.68962860107422
2018-02-01,42.83843231201172
2018-02-02,42.02967834472656
2018-02-06,41.66735076904297
2018-02-07,40.489803314208984
2018-02-08,39.72632598876953
2018-02-09,40.32804870605469
2018-02-12,40.91035842895508
2018-02-13,41.4085578918457
2018-02-14,42.24319076538086
2018-02-15,42.62492752075195
2018-02-16,42.76727294921875
2018-02-19,41.971435546875
2018-02-20,42.424346923828125
2018-02-21,42.02967834472656
2018-02-22,42.69609069824219
2018-02-23,42.71550369262695
2018-02-26,42.89152908325195
2018-02-27,42.728546142578125
2018-02-28,41.952728271484375
2018-03-01,40.50542068481445
2018-03-02,40.18596649169922
2018-03-05,41.67891311645508
2018-03-06,42.44169235229492
2018-03-07,42.3243408203125
2018-03-08,42.174400329589844
2018-03-09,41.796268463134766
2018-03-12,42.29825973510742
2018-03-13,42.343894958496094
2018-03-14,41.29426956176758
2018-03-15,40.831390380859375
2018-03-16,40.34894561767578
2018-03-20,41.24863815307617
2018-03-21,41.88101577758789
2018-03-22,41.229061126708984
2018-03-23,39.71004104614258
2018-03-26,40.296783447265625
2018-03-27,40.28375244140625
2018-03-28,39.47534942626953
2018-04-02,39.16891860961914
2018-04-03,40.41414260864258
2018-04-04,40.407630920410156
2018-04-05,40.72706985473633
2018-04-06,40.29026412963867
2018-04-09,40.23159408569336
2018-04-10,41.60720443725586
2018-04-11,42.193946838378906
2018-04-12,42.61772537231445
2018-04-13,42.591644287109375
2018-04-16,41.333377838134766
2018-04-17,41.359466552734375
2018-04-18,42.44169235229492
2018-04-19,41.60720443725586
2018-04-20,41.033485412597656
2018-04-23,41.691951751708984
2018-04-24,41.25515365600586
2018-04-25,41.43770217895508
2018-04-26,41.37900924682617
2018-04-27,40.66188049316406
2018-04-30,40.531490325927734
2018-05-02,39.10373306274414
2018-05-03,38.191009521484375
2018-05-04,37.70857238769531
2018-05-07,35.99394989013672
2018-05-08,36.476383209228516
2018-05-09,35.76576232910156
2018-05-10,36.51551055908203
2018-05-11,36.53506851196289
2018-05-14,37.076175689697266
2018-05-15,35.9222412109375
2018-05-16,36.9457893371582
2018-05-17,37.45429229736328
2018-05-18,36.678497314453125
2018-05-21,36.80888748168945
2018-05-22,37.5732536315918
2018-05-23,36.34101867675781
2018-05-24,35.56346130371094
2018-05-25,35.02970886230469
2018-05-28,34.87815856933594
2018-05-29,33.698638916015625
2018-05-30,33.3889274597168
2018-05-31,32.63113784790039
2018-06-01,35.115386962890625
2018-06-04,36.81546401977539
2018-06-05,37.07904052734375
2018-06-06,38.10700607299805
2018-06-07,37.53371810913086
2018-06-08,38.864803314208984
2018-06-11,38.51556396484375
2018-06-12,38.779136657714844
2018-06-13,39.29310989379883
2018-06-14,38.95046615600586
2018-06-15,38.70664978027344
2018-06-18,38.52214050292969
2018-06-19,37.78413009643555
2018-06-20,38.07406234741211
2018-06-21,37.836830139160156
2018-06-22,37.66550827026367
2018-06-25,37.507347106933594
2018-06-26,37.03291320800781
2018-06-27,36.77592468261719
2018-06-28,36.80888748168945
2018-06-29,37.15811538696289
2018-07-02,36.77592468261719
2018-07-03,36.505760192871094
2018-07-04,36.222412109375
2018-07-05,36.914302825927734
2018-07-06,36.77592468261719
2018-07-09,37.863197326660156
2018-07-10,37.2767333984375
2018-07-11,36.24877166748047
2018-07-12,35.8006706237793
2018-07-13,35.19444274902344
2018-07-16,35.18785858154297
2018-07-17,36.2883186340332
2018-07-18,36.598018646240234
2018-07-19,35.794097900390625
2018-07-20,35.85340118408203
2018-07-23,35.99837112426758
2018-07-24,36.9209098815918
2018-07-25,37.78413009643555
2018-07-26,37.85001754760742
2018-07-27,38.10041046142578
2018-07-30,38.2783317565918
2018-07-31,38.614402770996094
2018-08-01,37.691871643066406
2018-08-02,37.00655746459961
2018-08-03,37.92909240722656
2018-08-06,37.843421936035156
2018-08-07,37.81047821044922
2018-08-08,37.41511917114258
2018-08-09,37.441463470458984
2018-08-10,36.565059661865234
2018-08-13,36.841827392578125
2018-08-14,36.89453125
2018-08-15,35.642539978027344
2018-08-16,34.25873565673828
2018-08-17,34.62117004394531
2018-08-20,35.45803451538086
2018-08-21,35.87274169921875
2018-08-22,36.62858963012695
2018-08-23,36.36773681640625
2018-08-24,36.78913497924805
2018-08-27,37.79247283935547
2018-08-28,37.310874938964844
2018-08-29,37.585113525390625
2018-08-30,37.310874938964844
2018-08-31,37.47140121459961
2018-09-03,37.0098762512207
2018-09-04,36.46805953979492
2018-09-05,36.093482971191406
2018-09-06,36.120235443115234
2018-09-07,36.26738357543945
2018-09-10,36.080108642578125
2018-09-11,35.34431457519531
2018-09-12,35.48478698730469
2018-09-13,35.64532470703125
2018-09-14,35.49148178100586
2018-09-17,35.32425308227539
2018-09-18,35.78578567504883
2018-09-19,35.71220397949219
2018-09-20,35.23060607910156
2018-09-21,36.922908782958984
2018-09-24,37.230594635009766
2018-09-25,37.56504440307617
2018-09-26,37.3643798828125
2018-09-27,36.601837158203125
2018-09-28,36.086788177490234
2018-10-01,36.41455078125
2018-10-02,36.58846664428711
2018-10-03,35.69883346557617
2018-10-04,35.79248046875
2018-10-05,34.9429931640625
2018-10-08,33.97978591918945
2018-10-09,34.595157623291016
2018-10-10,34.080108642578125
2018-10-11,34.33428192138672
2018-10-12,34.508201599121094
2018-10-15,34.46805953979492
2018-10-16,34.73563003540039
2018-10-17,33.81255340576172
2018-10-18,32.70219421386719
2018-10-19,32.287479400634766
2018-10-22,31.799175262451172
2018-10-23,31.444673538208008
2018-10-24,31.58513641357422
2018-10-25,31.79249382019043
2018-10-26,32.01992416381836
2018-10-29,30.835973739624023
2018-10-30,29.979801177978516
2018-10-31,31.351030349731445
2018-11-01,32.14700698852539
2018-11-05,33.18379592895508
2018-11-06,32.494842529296875
2018-11-07,33.32426834106445
2018-11-08,32.11355972290039
2018-11-09,31.397859573364258
2018-11-12,31.17043113708496
2018-11-13,30.548357009887695
2018-11-14,29.8660831451416
2018-11-15,29.056718826293945
2018-11-16,29.44467544555664
2018-11-20,27.852720260620117
2018-11-21,27.81180191040039
2018-11-22,26.502363204956055
2018-11-23,26.83654022216797
2018-11-26,25.758989334106445
2018-11-27,26.59784698486328
2018-11-28,27.259380340576172
2018-11-29,28.698383331298828
2018-11-30,28.630189895629883
2018-12-03,28.63701057434082
2018-12-04,28.11187171936035
2018-12-05,28.350576400756836
2018-12-06,28.330116271972656
2018-12-07,28.978015899658203
2018-12-10,28.787052154541016
2018-12-11,28.01639175415039
2018-12-13,27.81180191040039
2018-12-14,27.81180191040039
2018-12-17,27.122976303100586
2018-12-18,26.454626083374023
2018-12-19,26.031784057617188
2018-12-20,26.70696449279785
2018-12-21,27.55946159362793
2018-12-24,27.443519592285156
2018-12-26,27.75041961669922
2018-12-27,27.798160552978516
2018-12-28,27.525362014770508
2018-12-31,27.579917907714844
2019-01-02,27.968652725219727
2019-01-03,27.832263946533203
2019-01-04,29.475868225097656
2019-01-07,29.680465698242188
2019-01-08,29.973724365234375
2019-01-09,30.198776245117188
2019-01-10,30.532957077026367
2019-01-11,30.498865127563477
2019-01-14,30.730735778808594
2019-01-15,30.157861709594727
2019-01-16,30.64207649230957
2019-01-17,30.485219955444336
2019-01-18,30.77165412902832
2019-01-21,30.266983032226562
2019-01-22,30.035104751586914
2019-01-23,30.287443161010742
2019-01-24,30.880779266357422
2019-01-25,30.839853286743164
2019-01-28,31.16720962524414
2019-01-29,31.187679290771484
2019-01-30,31.692358016967773
2019-01-31,31.228593826293945
2019-02-01,31.058088302612305
2019-02-05,31.480934143066406
2019-02-06,30.94215965270996
2019-02-07,31.058088302612305
2019-02-08,30.089656829833984
2019-02-11,29.666824340820312
2019-02-12,29.49633026123047
2019-02-13,29.762296676635742
2019-02-14,30.99671745300293
2019-02-15,30.853504180908203
2019-02-18,30.50568199157715
2019-02-19,31.999250411987305
2019-02-20,32.73580551147461
2019-02-21,32.87221145629883
2019-02-22,34.0725212097168
2019-02-25,34.597660064697266
2019-02-26,35.048065185546875
2019-02-27,34.916404724121094
2019-02-28,33.46126174926758
2019-03-01,33.274173736572266
2019-03-04,32.872283935546875
2019-03-05,32.89305877685547
2019-03-06,32.983150482177734
2019-03-07,32.89999008178711
2019-03-08,33.031646728515625
2019-03-11,33.23952865600586
2019-03-12,34.064109802246094
2019-03-13,34.14032745361328
2019-03-14,34.216548919677734
2019-03-15,35.096561431884766
2019-03-19,34.930259704589844
2019-03-20,35.56082534790039
2019-03-21,36.12208938598633
2019-03-22,35.20050048828125
2019-03-25,35.290584564208984
2019-03-26,35.97657012939453
2019-03-27,36.149803161621094
2019-03-28,36.37846374511719
2019-03-29,36.97438049316406
2019-04-01,37.889041900634766
2019-04-02,37.72966766357422
2019-04-03,36.565555572509766
2019-04-04,37.84747314453125
2019-04-05,38.43645477294922
2019-04-08,39.26103210449219
2019-04-09,38.79676818847656
2019-04-10,38.498809814453125
2019-04-11,38.249351501464844
2019-04-12,39.09473419189453
2019-04-15,38.54039001464844
2019-04-16,39.1570930480957
2019-04-17,40.70923614501953
2019-04-22,40.639949798583984
2019-04-23,40.54986572265625
2019-04-24,39.43424987792969
2019-04-25,39.26796340942383
2019-04-26,39.26103210449219
2019-04-29,38.47801971435547
2019-04-30,38.51960754394531
2019-05-02,36.780364990234375
2019-05-03,36.60021209716797
2019-05-06,36.780364990234375
2019-05-07,36.19831466674805
2019-05-08,35.415313720703125
2019-05-09,35.498451232910156
2019-05-10,35.505393981933594
2019-05-13,35.58853530883789
2019-05-14,35.117347717285156
2019-05-15,34.860965728759766
2019-05-16,34.98569107055664
2019-05-17,34.90253448486328
2019-05-20,34.2442741394043
2019-05-21,33.7730712890625
2019-05-22,33.017791748046875
2019-05-23,32.56045913696289
2019-05-24,32.872283935546875
2019-05-27,32.62975311279297
2019-05-28,32.516971588134766
2019-05-29,33.33466339111328
2019-05-30,34.32151412963867
2019-05-31,34.476585388183594
2019-06-03,34.56117248535156
2019-06-04,34.56822967529297
2019-06-05,35.0616569519043
2019-06-06,35.47049331665039
2019-06-07,35.66786575317383
2019-06-10,35.555084228515625
2019-06-11,36.196537017822266
2019-06-12,37.16930389404297
2019-06-13,37.000125885009766
2019-06-14,35.893428802490234
2019-06-17,35.56918716430664
2019-06-18,36.17539596557617
2019-06-19,35.893428802490234
2019-06-20,36.20359420776367
2019-06-21,35.75950241088867
2019-06-24,36.11900329589844
2019-06-25,36.43620681762695
2019-06-26,36.415061950683594
2019-06-27,35.4493522644043
2019-06-28,35.928680419921875
2019-07-01,36.11900329589844
2019-07-02,36.17539596557617
2019-07-03,35.99917221069336
2019-07-04,35.79475784301758
2019-07-05,34.906578063964844
2019-07-08,36.02737045288086
2019-07-09,34.758548736572266
2019-07-10,34.709205627441406
2019-07-11,33.990211486816406
2019-07-12,33.74349594116211
2019-07-15,33.17958068847656
2019-07-16,33.15843200683594
2019-07-17,31.75568389892578
2019-07-18,30.310636520385742
2019-07-19,30.691282272338867
2019-07-22,30.698333740234375
2019-07-23,31.05078125
2019-07-24,31.93190574645996
2019-07-25,32.897613525390625
2019-07-26,32.7918815612793
2019-07-29,33.07384490966797
2019-07-30,32.46057891845703
2019-07-31,33.052696228027344
2019-08-01,31.9389591217041
2019-08-02,31.036684036254883
2019-08-05,30.16261100769043
2019-08-06,29.337881088256836
2019-08-07,30.53621482849121
2019-08-08,30.754728317260742
2019-08-09,30.797012329101562
2019-08-12,29.450664520263672
2019-08-13,29.210996627807617
2019-08-14,28.301677703857422
2019-08-15,28.59068489074707
2019-08-16,28.308727264404297
2019-08-19,28.576587677001953
2019-08-20,29.52821159362793
2019-08-21,30.613744735717773
2019-08-22,30.3035945892334
2019-08-23,30.190805435180664
2019-08-26,30.26834487915039
2019-08-27,31.064882278442383
2019-08-28,32.15041732788086
2019-08-29,32.3266487121582
2019-08-30,32.53812789916992
2019-09-02,32.03059387207031
2019-09-03,31.93190574645996
2019-09-04,32.02355194091797
2019-09-05,32.185665130615234
2019-09-06,31.7133846282959
2019-09-09,31.22701072692871
2019-09-10,31.7133846282959
2019-09-11,32.15041732788086
2019-09-12,32.75664138793945
2019-09-13,32.178619384765625
2019-09-17,33.3487434387207
2019-09-18,32.81303405761719
2019-09-19,32.26321792602539
2019-09-20,32.4323844909668
2019-09-23,33.243011474609375
2019-09-24,32.566314697265625
2019-09-25,33.28530502319336
2019-09-26,32.6015625
2019-09-27,32.77073669433594
2019-09-30,32.524017333984375
2019-10-01,32.33369827270508
2019-10-02,30.395225524902344
2019-10-03,30.317691802978516
2019-10-04,31.91075897216797
2019-10-07,31.607664108276367
2019-10-08,30.97324562072754
2019-10-09,31.015539169311523
2019-10-10,32.29140853881836
2019-10-11,33.094993591308594
2019-10-14,32.932857513427734
2019-10-15,33.200714111328125
2019-10-16,33.764644622802734
2019-10-17,33.29941177368164
2019-10-18,33.53202438354492
2019-10-21,34.49068069458008
2019-10-22,33.90562438964844
2019-10-23,34.19462585449219
2019-10-24,34.18757629394531
2019-10-25,35.13919448852539
2019-10-28,35.35066223144531
2019-10-29,36.18949890136719
2019-10-30,36.13310623168945
2019-10-31,35.71720886230469
2019-11-01,35.935733795166016
2019-11-04,37.035377502441406
2019-11-05,37.24683380126953
2019-11-06,37.1129150390625
2019-11-07,37.47240447998047
2019-11-08,37.232749938964844
2019-11-11,37.063575744628906
2019-11-12,37.084712982177734
2019-11-13,37.021270751953125
2019-11-14,36.92259216308594
2019-11-15,37.40896987915039
2019-11-19,37.73322296142578
2019-11-20,37.26093673706055
2019-11-21,36.718177795410156
2019-11-22,36.86619567871094
2019-11-25,36.91630554199219
2019-11-26,37.28854751586914
2019-11-27,36.973575592041016
2019-11-28,37.10242462158203
2019-11-29,36.565547943115234
2019-12-02,37.37444305419922
2019-12-03,36.35078048706055
2019-12-04,35.455970764160156
2019-12-05,36.25056457519531
2019-12-06,35.70651626586914
2019-12-09,35.39870834350586
2019-12-10,36.05012893676758
2019-12-11,36.75165557861328
2019-12-13,38.71308517456055
2019-12-16,39.207027435302734
2019-12-17,39.207027435302734
2019-12-18,40.85346984863281
2019-12-19,40.40964889526367
2019-12-20,40.0445671081543
2019-12-23,38.87057113647461
2019-12-24,38.22629928588867
2019-12-26,38.806148529052734
2019-12-27,38.498329162597656
2019-12-30,37.145381927490234
2019-12-31,37.145381927490234
2020-01-02,38.634334564208984
2020-01-03,38.72740173339844
2020-01-06,37.814693450927734
2020-01-07,37.89701843261719
2020-01-08,38.91352081298828
2020-01-09,38.87057113647461
2020-01-10,39.679481506347656
2020-01-13,40.74610137939453
2020-01-14,40.68880844116211
2020-01-15,39.350189208984375
2020-01-16,40.60292053222656
2020-01-17,42.020301818847656
2020-01-20,41.53352355957031
2020-01-21,40.960845947265625
2020-01-22,40.760414123535156
2020-01-23,38.56991958618164
2020-01-24,37.718055725097656
2020-01-27,36.66575622558594
2020-01-28,37.18832778930664
2020-01-29,38.118927001953125
2020-01-30,37.08811569213867
2020-01-31,35.946319580078125
2020-02-04,38.71308517456055
2020-02-05,38.176204681396484
2020-02-06,37.510467529296875
2020-02-07,37.10957336425781
2020-02-10,37.277809143066406
2020-02-11,37.58920669555664
2020-02-12,36.78744125366211
2020-02-13,36.859039306640625
2020-02-14,37.31718063354492
2020-02-17,37.446022033691406
2020-02-18,37.50330352783203
2020-02-19,36.62281036376953
2020-02-20,36.007164001464844
2020-02-21,35.749473571777344
2020-02-24,35.1624755859375
2020-02-25,34.08155059814453
2020-02-26,32.73575210571289
2020-02-27,32.07716369628906
2020-02-28,33.22968673706055
2020-03-02,33.866790771484375
2020-03-03,35.34859085083008
2020-03-04,35.47745132446289
2020-03-05,35.047935485839844
2020-03-06,34.432315826416016
2020-03-09,31.46869659423828
2020-03-10,32.5782585144043
2020-03-11,32.20602798461914
2020-03-12,31.540279388427734
2020-03-13,30.924654006958008
2020-03-17,30.130064010620117
2020-03-18,29.271041870117188
2020-03-19,30.366294860839844
2020-03-20,28.648250579833984
2020-03-23,26.85147476196289
2020-03-24,29.00192642211914
2020-03-25,31.67172622680664
2020-03-26,32.39585494995117
2020-03-27,29.7333927154541
2020-03-30,29.799205780029297
2020-03-31,31.993560791015625
2020-04-01,29.967445373535156
2020-04-02,29.42618179321289
2020-04-03,30.201501846313477
2020-04-06,31.503490447998047
2020-04-07,31.6497802734375
2020-04-08,31.01341438293457
2020-04-13,32.67381286621094
2020-04-14,33.80754470825195
2020-04-15,32.176414489746094
2020-04-16,32.18373489379883
2020-04-17,32.6664924621582
2020-04-20,32.907875061035156
2020-04-21,32.76156997680664
2020-04-22,33.31747817993164
2020-04-23,35.02906036376953
2020-04-24,34.53899002075195
2020-04-27,35.60691452026367
2020-04-28,36.56511688232422
2020-04-29,37.98412322998047
2020-04-30,37.59645080566406
2020-05-04,37.274620056152344
2020-05-05,37.3331298828125
2020-05-06,38.02800369262695
2020-05-07,38.03532028198242
2020-05-08,38.70094299316406
2020-05-11,38.16698455810547
2020-05-12,37.87440872192383
2020-05-13,35.81903839111328
2020-05-14,35.4898796081543
2020-05-15,35.38747787475586
2020-05-18,36.86500930786133
2020-05-19,36.37493896484375
2020-05-20,37.04786682128906
2020-05-21,37.0698127746582
2020-05-22,36.94545364379883
2020-05-25,36.4188232421875
2020-05-26,36.13125228881836
2020-05-27,36.49993133544922
2020-05-28,36.227108001708984
2020-05-29,35.010440826416016
2020-06-01,36.750640869140625
2020-06-02,37.76084518432617
2020-06-03,37.45114517211914
2020-06-04,37.25942611694336
2020-06-05,38.85214614868164
2020-06-08,39.42729568481445
2020-06-09,38.98487854003906
2020-06-10,38.955379486083984
2020-06-11,38.44659423828125
2020-06-12,39.23558807373047
2020-06-15,37.25942611694336
2020-06-16,38.48345947265625
2020-06-17,37.9304313659668
2020-06-18,37.04559326171875
2020-06-19,39.25032424926758
2020-06-22,38.88901901245117
2020-06-23,39.00699996948242
2020-06-24,38.793155670166016
2020-06-25,38.7636604309082
2020-06-26,38.67518615722656
2020-06-29,38.955379486083984
2020-06-30,39.39780807495117
2020-07-01,39.19133758544922
2020-07-02,40.282657623291016
2020-07-03,39.93608856201172
2020-07-06,40.326900482177734
2020-07-07,40.59972381591797
2020-07-08,40.8577995300293
2020-07-09,40.97578048706055
2020-07-10,40.304771423339844
2020-07-13,42.118717193603516
2020-07-14,41.204368591308594
2020-07-15,41.2191162109375
2020-07-16,40.621849060058594
2020-07-17,40.216285705566406
2020-07-20,40.363765716552734
2020-07-21,40.0540657043457
2020-07-22,42.0892219543457
2020-07-23,42.7823486328125
2020-07-24,43.49021911621094
2020-07-27,43.851539611816406
2020-07-28,45.33365249633789
2020-07-29,44.05799102783203
2020-07-30,41.82376480102539
2020-07-31,41.44769287109375
2020-08-03,42.03759765625
2020-08-04,42.75285339355469
2020-08-05,45.4368896484375
2020-08-06,45.554866790771484
2020-08-07,43.770423889160156
2020-08-10,43.556583404541016
2020-08-11,43.187896728515625
2020-08-12,42.98881530761719
2020-08-13,43.37223815917969
2020-08-14,43.689308166503906
2020-08-17,43.33537673950195
2020-08-18,43.50496292114258
2020-08-19,45.12718963623047
2020-08-20,44.109619140625
2020-08-21,43.07728958129883
2020-08-24,43.37223815917969
2020-08-25,43.760963439941406
2020-08-26,44.104827880859375
2020-08-27,42.99847412109375
2020-08-28,43.917930603027344
2020-08-31,43.65629959106445
2020-09-01,45.00187301635742
2020-09-02,45.16633605957031
2020-09-03,44.112308502197266
2020-09-04,44.46364974975586
2020-09-07,44.39636993408203
2020-09-08,43.08069610595703
2020-09-09,43.760963439941406
2020-09-10,43.82076644897461
2020-09-11,44.418800354003906
2020-09-14,43.87309646606445
2020-09-15,43.5740852355957
2020-09-17,43.47690200805664
2020-09-18,42.07899856567383
2020-09-21,41.21931838989258
2020-09-22,41.80239486694336
2020-09-23,40.64372253417969
2020-09-24,41.12962341308594
2020-09-25,41.14457321166992
2020-09-28,41.15204620361328
2020-09-29,41.099727630615234
2020-09-30,42.04909133911133
2020-10-01,40.52411651611328
2020-10-02,40.621299743652344
2020-10-05,40.80071258544922
2020-10-06,41.16699981689453
2020-10-07,42.7966423034668
2020-10-08,44.074928283691406
2020-10-09,44.074928283691406
2020-10-12,43.35729217529297
2020-10-13,44.03007125854492
2020-10-14,43.78338623046875
2020-10-15,43.78338623046875
2020-10-16,43.88056564331055
2020-10-19,43.88056564331055
2020-10-20,44.91965103149414
2020-10-21,46.19047164916992
2020-10-22,46.25774383544922
2020-10-23,47.065093994140625
2020-10-26,45.78679656982422
2020-10-27,46.86324691772461
2020-10-28,45.749420166015625
2020-10-29,45.293418884277344
2020-10-30,45.03926086425781
2020-11-03,46.108238220214844
2020-11-04,45.68214797973633
2020-11-05,46.37735366821289
2020-11-06,46.661407470703125
2020-11-09,47.41643524169922
2020-11-10,48.11912155151367
2020-11-11,47.83505630493164
2020-11-12,47.85747528076172
2020-11-13,48.732093811035156
2020-11-17,50.219703674316406
2020-11-18,50.20475769042969
2020-11-19,49.2180061340332
2020-11-20,49.636619567871094
2020-11-23,50.74298858642578
2020-11-24,52.12593078613281
2020-11-25,53.93096160888672
2020-11-26,55.8421630859375
2020-11-27,54.090240478515625
2020-11-30,55.62222671508789
2020-12-01,56.88877868652344
2020-12-02,59.748023986816406
2020-12-03,61.5302848815918
2020-12-04,60.88564682006836
2020-12-07,59.60393142700195
2020-12-08,59.42947006225586
2020-12-09,58.26150894165039
2020-12-10,59.2929801940918
2020-12-11,59.51290512084961
2020-12-14,58.98200607299805
2020-12-15,61.49235916137695
2020-12-16,60.94632339477539
2020-12-17,62.546573638916016
2020-12-18,63.27465057373047
2020-12-21,63.593177795410156
2020-12-22,60.95389938354492
2020-12-23,63.267051696777344
2020-12-24,62.387298583984375
2020-12-28,64.571533203125
2020-12-29,65.70915985107422
2020-12-30,65.45130920410156
2020-12-31,63.7979621887207
2021-01-04,67.27908325195312
2021-01-05,68.90967559814453
2021-01-06,69.42540740966797
2021-01-07,70.2369155883789
2021-01-08,73.74079132080078
2021-01-11,70.72987365722656
2021-01-12,70.1458969116211
2021-01-13,69.03102111816406
2021-01-14,69.02345275878906
2021-01-15,66.89228057861328
2021-01-18,69.31165313720703
2021-01-19,67.59761810302734
2021-01-20,67.9540786743164
2021-01-21,68.47738647460938
2021-01-22,68.41668701171875
2021-01-25,69.97905731201172
2021-01-26,68.90967559814453
2021-01-27,68.82626342773438
2021-01-28,68.92485809326172
2021-01-29,66.61927032470703
2021-02-02,69.34957122802734
2021-02-03,69.12960815429688
2021-02-04,66.66476440429688
2021-02-05,66.33867645263672
2021-02-08,68.2498550415039
2021-02-09,70.65404510498047
2021-02-10,69.73635864257812
2021-02-11,68.23468017578125
2021-02-12,66.88470458984375
2021-02-15,67.83271789550781
2021-02-16,70.22932434082031
2021-02-17,73.02788543701172
2021-02-18,74.30960083007812
2021-02-19,77.30535888671875
2021-02-22,83.40299987792969
2021-02-23,82.12887573242188
2021-02-24,80.0112075805664
2021-02-25,76.53543090820312
2021-02-26,76.21319580078125
2021-03-01,76.25924682617188
2021-03-02,81.15442657470703
2021-03-03,79.76567840576172
2021-03-04,77.14927673339844
2021-03-05,76.88072204589844
2021-03-08,80.54061889648438
2021-03-09,81.02400207519531
2021-03-10,81.34626770019531
2021-03-11,81.844970703125
2021-03-12,82.67362976074219
2021-03-16,80.17233276367188
2021-03-17,79.99584197998047
2021-03-18,79.59687042236328
2021-03-19,78.361572265625
2021-03-22,78.11603546142578
2021-03-23,78.03162384033203
2021-03-24,76.74260711669922
2021-03-25,77.17227935791016
2021-03-26,78.56873321533203
2021-03-29,79.67359924316406
2021-03-30,79.7886734008789
2021-03-31,82.45110321044922
2021-04-05,81.8373031616211
2021-04-06,81.08538055419922
2021-04-07,80.78616333007812
2021-04-08,79.16719818115234
2021-04-09,77.93186950683594
2021-04-12,77.47920989990234
2021-04-13,77.54825592041016
2021-04-14,78.3692398071289
2021-04-15,80.70174407958984
2021-04-16,79.54315948486328
2021-04-19,78.55337524414062
2021-04-20,78.48433685302734
2021-04-21,80.06492614746094
2021-04-22,78.49198913574219
2021-04-23,78.11603546142578
2021-04-26,78.34622192382812
2021-04-27,77.26435089111328
2021-04-28,74.84745025634766
2021-04-29,72.71444702148438
2021-04-30,70.2591781616211
2021-05-03,69.76811218261719
2021-05-04,68.86273956298828
2021-05-05,71.7553482055664
2021-05-06,74.13389587402344
2021-05-07,76.88838958740234
2021-05-10,83.57903289794922
2021-05-11,84.24655151367188
2021-05-12,80.23370361328125
2021-05-13,79.49713134765625
2021-05-14,77.17227935791016
2021-05-17,76.98046875
2021-05-18,77.90886688232422
2021-05-19,75.15437316894531
2021-05-20,72.72978973388672
2021-05-21,73.48937225341797
2021-05-24,72.16200256347656
2021-05-25,70.95346069335938
2021-05-26,71.46025848388672
2021-05-27,72.39591217041016
2021-05-28,74.53231811523438
2021-05-31,75.74085998535156
2021-06-01,75.52253723144531
2021-06-02,76.41920471191406
2021-06-03,76.16190338134766
2021-06-04,77.7291259765625
2021-06-07,72.4193115234375
2021-06-08,70.90665435791016
2021-06-09,71.86569213867188
2021-06-10,71.46805572509766
2021-06-11,72.78575897216797
2021-06-14,72.45829010009766
2021-06-15,71.27311706542969
2021-06-16,68.87943267822266
2021-06-17,67.55391693115234
2021-06-18,70.05677795410156
2021-06-21,68.57534790039062
2021-06-22,70.89106750488281
2021-06-23,71.48365020751953
2021-06-24,71.6318130493164
2021-06-25,71.76433563232422
2021-06-28,71.97486877441406
2021-06-29,73.1678237915039
2021-06-30,73.10546112060547
2021-07-01,73.25358581542969
2021-07-02,73.91634368896484
2021-07-05,74.1346664428711
2021-07-06,73.17559814453125
2021-07-07,73.08204650878906
2021-07-08,71.89689636230469
2021-07-09,71.52262115478516
2021-07-12,71.45247650146484
2021-07-13,70.6337890625
2021-07-14,68.99639129638672
2021-07-15,73.92414855957031
2021-07-16,72.24775695800781
2021-07-19,70.5635986328125
2021-07-20,70.50123596191406
2021-07-21,72.31014251708984
2021-07-22,73.45630645751953
2021-07-23,73.97091674804688
2021-07-26,75.50694274902344
2021-07-27,76.69989776611328
2021-07-28,75.13269805908203
2021-07-29,75.67068481445312
2021-07-30,71.11717987060547
2021-08-02,71.15616607666016
2021-08-03,72.59082794189453
2021-08-04,73.51089477539062
2021-08-05,74.09567260742188
2021-08-06,73.91634368896484
2021-08-09,73.09765625
2021-08-10,73.1366195678711
2021-08-11,74.51671600341797
2021-08-12,72.12300872802734
2021-08-13,72.6999740600586
2021-08-16,71.83451080322266
2021-08-17,70.62596130371094
2021-08-18,70.93006134033203
2021-08-19,67.37458801269531
2021-08-20,68.38821411132812
2021-08-23,69.05095672607422
2021-08-24,68.77806854248047
2021-08-25,70.48563385009766
2021-08-26,70.83545684814453
2021-08-27,71.78958129882812
2021-08-30,73.7375717163086
2021-08-31,74.3816146850586
2021-09-01,72.0201644897461
2021-09-02,71.75779724121094
2021-09-03,72.48928833007812
2021-09-06,72.2269058227539
2021-09-07,70.06421661376953
2021-09-08,69.22140502929688
2021-09-09,68.29114532470703
2021-09-10,69.7541275024414
2021-09-13,68.577392578125
2021-09-14,69.48381042480469
2021-09-15,70.69234466552734
2021-09-17,67.73456573486328
2021-09-20,65.34132385253906
2021-09-21,66.01715087890625
2021-09-22,66.00920867919922
2021-09-23,66.38290405273438
2021-09-24,65.30157470703125
2021-09-27,65.39697265625
2021-09-28,63.84653854370117
2021-09-29,63.60005569458008
2021-09-30,65.50830841064453
2021-10-01,64.093017578125
2021-10-04,63.83062744140625
2021-10-05,64.093017578125
2021-10-06,64.25202941894531
2021-10-07,66.85200500488281
2021-10-08,67.26546478271484
2021-10-11,69.5235366821289
2021-10-12,67.77434539794922
2021-10-13,68.93517303466797
2021-10-14,71.13761138916016
2021-10-15,74.54064178466797
2021-10-18,75.15284729003906
2021-10-19,75.83663940429688
2021-10-20,75.45499420166016
2021-10-21,75.48681640625
2021-10-22,75.0733642578125
2021-10-25,75.87641143798828
2021-10-26,75.21646881103516
2021-10-27,73.64216613769531
2021-10-28,71.04218292236328
2021-10-29,71.81344604492188
2021-11-01,71.43974304199219
2021-11-03,70.90702056884766
2021-11-04,70.708251953125
2021-11-05,70.24710083007812
2021-11-08,70.57308959960938
2021-11-09,70.15168762207031
2021-11-10,68.78410339355469
2021-11-11,70.00855255126953
2021-11-12,69.2373046875
2021-11-16,68.91928100585938
2021-11-17,69.22140502929688
2021-11-18,68.52173614501953
2021-11-19,70.03241729736328
2021-11-22,68.10826873779297
2021-11-23,70.17552947998047
2021-11-24,69.4520034790039
2021-11-25,68.69664764404297
2021-11-26,67.30523681640625
2021-11-29,71.26721954345703
2021-11-30,72.84226989746094
2021-12-01,73.25633239746094
2021-12-02,74.90447998046875
2021-12-03,74.08448028564453
2021-12-06,75.03437042236328
2021-12-07,75.87061309814453
2021-12-08,74.46602630615234
2021-12-09,75.39158630371094
2021-12-10,74.69337463378906
2021-12-13,72.68801879882812
2021-12-14,72.874755859375
2021-12-15,71.46208953857422
2021-12-16,72.51752471923828
2021-12-17,71.90049743652344
2021-12-20,69.10761260986328
2021-12-21,70.60147857666016
2021-12-22,70.95869445800781
2021-12-23,71.82742309570312
2021-12-24,72.01414489746094
2021-12-27,73.22386169433594
2021-12-28,73.1913833618164
2021-12-29,71.3890151977539
2021-12-30,72.27395629882812
2021-12-31,72.4931640625
2022-01-03,72.3307876586914
2022-01-04,71.63257598876953
2022-01-05,72.69613647460938
2022-01-06,73.48365783691406
2022-01-07,73.36188507080078
2022-01-10,72.46068572998047
2022-01-11,73.04525756835938
2022-01-12,76.30091094970703
2022-01-13,76.30902099609375
2022-01-14,75.57833862304688
2022-01-17,76.21160125732422
2022-01-18,75.92745208740234
2022-01-19,77.40507507324219
2022-01-20,76.04109191894531
2022-01-21,73.2725830078125
2022-01-24,70.49593353271484
2022-01-25,71.35652923583984
2022-01-26,71.3484115600586
2022-01-27,69.44048309326172
2022-01-28,70.26860046386719
2022-01-31,71.92485809326172
2022-02-01,72.93159484863281
2022-02-02,73.18328857421875
2022-02-03,70.86128234863281
2022-02-04,72.15217590332031
2022-02-08,74.0357437133789
2022-02-09,75.91932678222656
2022-02-10,79.55655670166016
2022-02-11,82.23577880859375
2022-02-14,82.95835876464844
2022-02-15,84.93122863769531
2022-02-16,85.93798065185547
2022-02-17,81.1640853881836
2022-02-18,79.9300308227539
2022-02-21,78.52545928955078
2022-02-22,80.17359924316406
2022-02-23,79.41041564941406
2022-02-24,82.65797424316406
2022-02-25,82.74726867675781
2022-02-28,85.3047103881836
2022-03-01,87.96769714355469
2022-03-02,90.29479217529297
2022-03-03,95.47711944580078
2022-03-04,96.53338623046875
2022-03-07,96.7149429321289
2022-03-08,96.78919982910156
2022-03-09,94.42086029052734
2022-03-10,95.3698501586914
2022-03-11,93.81019592285156
2022-03-14,89.46133422851562
2022-03-15,86.30900573730469
2022-03-16,85.27748107910156
2022-03-17,90.3277816772461
2022-03-18,94.6353988647461
2022-03-22,96.36835479736328
2022-03-23,95.84846496582031
2022-03-24,98.29935455322266
2022-03-25,95.09751892089844
2022-03-28,96.02175903320312
2022-03-29,96.46737670898438
2022-03-30,95.2213134765625
2022-03-31,98.20032501220703
2022-04-01,96.97076416015625
2022-04-04,98.06828308105469
2022-04-05,93.47184753417969
2022-04-06,90.53410339355469
2022-04-07,93.69464874267578
2022-04-08,92.23403930664062
2022-04-11,93.78543853759766
2022-04-12,88.86717224121094
2022-04-13,88.72686767578125
2022-04-18,88.99093627929688
2022-04-19,90.83942413330078
2022-04-20,86.5235824584961
2022-04-21,84.46878814697266
2022-04-22,81.6218032836914
2022-04-25,80.76358032226562
2022-04-26,80.62328338623047
2022-04-27,82.13343811035156
2022-04-28,81.1019287109375
2022-04-29,78.82432556152344
2022-05-02,79.4267349243164
2022-05-03,81.92713165283203
2022-05-04,82.33147430419922
2022-05-05,80.87086486816406
2022-05-06,80.28495025634766
2022-05-09,77.67729187011719
2022-05-10,75.4244613647461
2022-05-11,75.91132354736328
2022-05-12,74.92108154296875
2022-05-13,74.34342193603516
2022-05-16,74.89630126953125
2022-05-17,78.48599243164062
2022-05-18,77.47097778320312
2022-05-19,83.4950180053711
2022-05-20,84.52655029296875
2022-05-23,81.44023895263672
2022-05-24,80.88734436035156
2022-05-25,82.52953338623047
2022-05-26,81.11016845703125
2022-05-27,84.13044738769531
2022-05-30,84.23773193359375
2022-05-31,81.41529846191406
2022-06-01,82.29467010498047
2022-06-02,84.51409912109375
2022-06-03,83.58447265625
2022-06-06,83.74358367919922
2022-06-07,85.3683853149414
2022-06-08,81.76702880859375
2022-06-09,78.56769561767578
2022-06-10,77.897705078125
2022-06-13,79.2042236328125
2022-06-14,75.68665313720703
2022-06-15,75.76202392578125
2022-06-16,75.62804412841797
2022-06-17,80.03338623046875
2022-06-20,76.00489807128906
2022-06-21,76.23939514160156
2022-06-22,72.41194915771484
2022-06-23,68.27460479736328
2022-06-24,70.97979736328125
2022-06-27,71.9931869506836
2022-06-28,73.67658996582031
2022-06-29,72.31144714355469
2022-06-30,69.74026489257812
2022-07-01,68.77709197998047
2022-07-04,70.51077270507812
2022-07-05,67.76371765136719
2022-07-06,68.09872436523438
2022-07-07,70.921142578125
2022-07-08,71.04678344726562
2022-07-11,69.53926849365234
2022-07-12,68.64310455322266
2022-07-13,68.49236297607422
2022-07-14,65.55265045166016
2022-07-15,65.25115966796875
2022-07-18,64.85751342773438
2022-07-19,64.06188201904297
2022-07-20,64.65650939941406
2022-07-21,65.62803649902344
2022-07-22,65.56102752685547
2022-07-25,65.4102783203125
2022-07-26,63.50910568237305
2022-07-27,63.08197021484375
2022-07-28,65.86255645751953
2022-07-29,67.50408935546875
2022-08-01,64.00325775146484
2022-08-02,64.03673553466797
2022-08-03,63.726863861083984
2022-08-04,63.375099182128906
2022-08-05,63.659881591796875
2022-08-08,65.11714172363281
2022-08-09,63.34999465942383
2022-08-10,67.03506469726562
2022-08-11,69.97476959228516
2022-08-12,70.1757583618164
2022-08-15,68.60124206542969
2022-08-16,66.6163101196289
2022-08-17,65.86255645751953
2022-08-18,66.59120178222656
2022-08-19,66.40692138671875
2022-08-22,66.23943328857422
2022-08-23,66.9931869506836
2022-08-24,65.36841583251953
2022-08-25,68.06629180908203
2022-08-26,68.34624481201172
2022-08-29,65.24962615966797
2022-08-30,64.48609161376953
2022-08-31,64.71514129638672
2022-09-01,63.205020904541016
2022-09-02,64.859375
2022-09-05,64.58789825439453
2022-09-06,65.74169158935547
2022-09-07,65.06297302246094
2022-09-08,67.8626708984375
2022-09-09,71.26471710205078
2022-09-12,71.44286346435547
2022-09-13,70.06847381591797
2022-09-14,66.41192626953125
2022-09-15,65.3514404296875
2022-09-19,64.553955078125
2022-09-20,65.17327880859375
2022-09-21,63.06927490234375
2022-09-22,60.98223876953125
2022-09-23,58.23345947265625
2022-09-26,58.53887176513672
2022-09-27,58.878231048583984
2022-09-28,58.963050842285156
2022-09-29,58.53887176513672
2022-09-30,57.70745849609375
2022-10-03,62.169979095458984
2022-10-04,63.315311431884766
2022-10-05,62.22087860107422
2022-10-06,61.168888092041016
2022-10-07,58.31830596923828
2022-10-10,56.35851287841797
2022-10-11,57.34264373779297
2022-10-12,55.63737869262695
2022-10-13,56.11247634887695
2022-10-14,55.14530944824219
2022-10-17,55.42527770996094
2022-10-18,55.88341522216797
2022-10-19,54.10179138183594
2022-10-20,54.05089569091797
2022-10-21,54.814449310302734
2022-10-24,52.61711883544922
2022-10-25,54.77201461791992
2022-10-26,60.88888931274414
2022-10-27,62.3311767578125
2022-10-28,59.879329681396484
2022-10-31,60.54954528808594
2022-11-01,62.178466796875
2022-11-03,59.81993865966797
2022-11-04,65.8265380859375
2022-11-07,62.20392990112305
2022-11-08,64.30792999267578
2022-11-09,63.747982025146484
2022-11-10,64.74059295654297
2022-11-11,69.71217346191406
2022-11-14,68.71954345703125
2022-11-15,68.7789306640625
2022-11-16,66.94642639160156
2022-11-17,64.63027954101562
2022-11-18,63.680118560791016
2022-11-22,65.75018310546875
2022-11-23,63.94258499145508
2022-11-24,62.61471939086914
2022-11-25,60.56727981567383
2022-11-28,59.1194953918457
2022-11-29,62.01506805419922
2022-11-30,67.24935913085938
2022-12-01,68.95417022705078
2022-12-02,67.95184326171875
2022-12-05,67.57490539550781
2022-12-06,68.15745544433594
2022-12-07,65.96435546875
2022-12-08,68.52582550048828
2022-12-09,67.00094604492188
2022-12-13,65.58740997314453
2022-12-14,63.83122634887695
2022-12-15,61.903690338134766
2022-12-16,62.18639373779297
2022-12-19,62.126434326171875
2022-12-20,63.65131759643555
2022-12-21,63.68558120727539
2022-12-22,62.580467224121094
2022-12-23,63.24010467529297
2022-12-26,62.54619598388672
2022-12-27,62.863182067871094
2022-12-28,62.194950103759766
2022-12-29,60.8499641418457
2022-12-30,58.853919982910156
2023-01-02,59.796260833740234
2023-01-03,60.43020248413086
2023-01-04,62.880313873291016
2023-01-05,65.21047973632812
2023-01-06,66.54688262939453
2023-01-09,69.17688751220703
2023-01-10,71.10443878173828
2023-01-11,73.7686996459961
2023-01-12,74.92523193359375
2023-01-13,73.8458023071289
2023-01-16,66.4955062866211
2023-01-17,67.47210693359375
2023-01-18,68.52582550048828
2023-01-19,68.85135650634766
2023-01-20,70.74462890625
2023-01-23,69.9650650024414
2023-01-24,71.70410919189453
2023-01-25,71.78977966308594
2023-01-26,71.68698120117188
2023-01-27,71.07872772216797
2023-01-30,71.23292541503906
2023-01-31,71.7469482421875
2023-02-01,71.78977966308594
2023-02-02,69.97361755371094
2023-02-03,69.90509796142578
2023-02-07,71.224365234375
2023-02-08,71.38713073730469
2023-02-09,71.19009399414062
2023-02-10,69.53671264648438
2023-02-13,69.99075317382812
2023-02-14,69.06553649902344
2023-02-15,70.67608642578125
2023-02-16,71.71267700195312
2023-02-17,71.21580505371094
2023-02-20,70.36767578125
2023-02-21,73.83724975585938
2023-02-22,73.24612426757812
2023-02-23,71.995361328125
2023-02-24,68.56865692138672
2023-02-27,70.83885192871094
2023-02-28,71.35916900634766
2023-03-01,74.36823272705078
2023-03-02,73.52708435058594
2023-03-03,77.1604995727539
2023-03-06,73.98667907714844
2023-03-07,70.8822250366211
2023-03-08,72.17428588867188
2023-03-09,70.22315979003906
2023-03-10,70.37926483154297
2023-03-13,72.20030212402344
2023-03-14,71.36783599853516
2023-03-15,69.02648162841797
2023-03-16,68.93976593017578
2023-03-17,69.3039779663086
2023-03-21,71.64531707763672
2023-03-22,71.10768127441406
2023-03-23,72.48648071289062
2023-03-24,71.974853515625
2023-03-27,73.00678253173828
2023-03-28,73.75255584716797
2023-03-29,74.57634735107422
2023-03-30,75.46085357666016
2023-03-31,73.91729736328125
2023-04-03,74.61971282958984
2023-04-04,74.10808563232422
2023-04-05,72.8506851196289
2023-04-10,75.400146484375
2023-04-11,79.76201629638672
2023-04-12,79.58858489990234
2023-04-13,80.75923156738281
2023-04-14,79.1550064086914
2023-04-17,79.47583770751953
2023-04-18,80.7852554321289
2023-04-19,80.6205062866211
2023-04-20,77.26457977294922
2023-04-21,78.2531509399414
2023-04-24,78.0450210571289
2023-04-25,76.73560333251953
2023-04-26,76.3193588256836
2023-04-27,77.29059600830078
2023-04-28,76.2499771118164
2023-05-02,77.16918182373047
2023-05-03,76.64888763427734
2023-05-04,75.79906463623047
2023-05-05,75.00994110107422
2023-05-08,75.53024291992188
2023-05-09,76.27601623535156
2023-05-10,72.84203338623047
2023-05-11,69.4600830078125
2023-05-12,71.28978729248047
2023-05-15,73.26692199707031
2023-05-16,72.85935974121094
2023-05-17,73.0588150024414
2023-05-18,72.6338882446289
2023-05-19,69.55545043945312
2023-05-22,67.5089340209961
2023-05-23,67.07535552978516
2023-05-24,72.57318878173828
2023-05-25,73.78435516357422
2023-05-26,71.97639465332031
2023-05-29,71.96761322021484
2023-05-30,69.94023895263672
2023-05-31,69.24688720703125
2023-06-01,71.96761322021484
2023-06-02,72.09046936035156
2023-06-05,72.6082992553711
2023-06-06,73.53861236572266
2023-06-07,73.02078247070312
2023-06-08,73.95110321044922
2023-06-09,74.64447021484375
2023-06-12,72.47665405273438
2023-06-13,73.9774398803711
2023-06-14,75.92583465576172
2023-06-15,75.8117446899414
2023-06-16,76.29443359375
2023-06-19,75.0920639038086
2023-06-20,74.14420318603516
2023-06-21,73.47718811035156
2023-06-22,73.3718490600586
2023-06-23,72.97692108154297
2023-06-26,73.89844512939453
2023-06-27,73.92478942871094
2023-06-28,73.31920623779297
2023-06-29,72.1080322265625
2023-06-30,72.23091125488281
2023-07-03,74.8375473022461
2023-07-04,74.14420318603516
2023-07-05,73.06468200683594
2023-07-06,71.41468811035156
2023-07-07,73.10856628417969
2023-07-10,73.96866607666016
2023-07-11,74.4952621459961
2023-07-12,74.77610778808594
2023-07-13,75.35536193847656
2023-07-14,75.30270385742188
2023-07-17,74.61813354492188
2023-07-18,75.0394058227539
2023-07-19,73.99501037597656
2023-07-20,73.99501037597656
2023-07-21,75.1271743774414
2023-07-24,75.43434143066406
2023-07-25,78.90107727050781
2023-07-26,77.21598815917969
2023-07-27,77.23353576660156
2023-07-28,75.90828704833984
2023-07-31,76.45242309570312
2023-08-01,74.87265014648438
2023-08-02,73.01201629638672
2023-08-03,75.80296325683594
2023-08-04,74.89897918701172
2023-08-07,74.74099731445312
2023-08-08,74.1617660522461
2023-08-09,75.27637481689453
2023-08-10,73.86333465576172
2023-08-11,72.58196258544922
2023-08-14,70.60726165771484
2023-08-15,70.04556274414062
2023-08-16,70.9846420288086
2023-08-17,71.09873962402344
2023-08-18,71.61656951904297
2023-08-21,72.07292175292969
2023-08-22,73.3806381225586
2023-08-23,74.03009796142578
2023-08-24,72.3997573852539
2023-08-25,72.30229949951172
2023-08-28,72.56810760498047
2023-08-29,75.26171875
2023-08-30,73.47188568115234
2023-08-31,72.21368408203125
2023-09-01,73.19720458984375
2023-09-04,73.0997314453125
2023-09-05,72.32001495361328
2023-09-06,73.78201293945312
2023-09-07,73.14404296875
2023-09-08,73.1883544921875
2023-09-11,73.294677734375
2023-09-12,72.01876068115234
2023-09-13,72.36432647705078
2023-09-14,71.89470672607422
2023-09-15,71.30104064941406
2023-09-18,71.22130584716797
2023-09-19,73.33897399902344
2023-09-20,74.86299896240234
2023-09-21,73.19720458984375
2023-09-22,72.04533386230469
2023-09-25,72.30229949951172
2023-09-26,71.23015594482422
2023-09-27,72.56810760498047
2023-09-28,72.94910430908203
2023-09-29,72.9757080078125
2023-10-02,73.91490936279297
2023-10-03,71.10611724853516
2023-10-04,71.0529556274414
2023-10-05,68.8821029663086
2023-10-06,70.2200698852539
2023-10-09,68.394775390625
2023-10-10,69.56436920166016
2023-10-11,69.46690368652344
2023-10-12,68.02262878417969
2023-10-13,68.15553283691406
2023-10-16,68.50995635986328
2023-10-17,68.31503295898438
2023-10-18,67.5618896484375
2023-10-19,67.3492202758789
2023-10-20,66.09988403320312
2023-10-23,66.22394561767578
2023-10-24,66.30368041992188
2023-10-25,68.05807495117188
2023-10-26,68.68717956542969
2023-10-27,67.4289779663086
2023-10-30,67.05683135986328
2023-10-31,66.33912658691406
2023-11-01,65.0543441772461
2023-11-03,66.53404998779297
2023-11-06,67.49099731445312
2023-11-07,66.89734649658203
2023-11-08,66.4100112915039
2023-11-09,66.76443481445312
2023-11-10,65.07205963134766
2023-11-13,65.03661346435547
2023-11-14,67.4289779663086
2023-11-15,68.89096069335938
2023-11-16,68.59857940673828
2023-11-17,69.28084564208984
2023-11-21,69.2985610961914
2023-11-22,69.50235748291016
2023-11-23,69.48439025878906
2023-11-24,69.36771392822266
2023-11-27,66.2354507446289
2023-11-28,65.33795928955078
2023-11-29,67.74324035644531
2023-11-30,71.61146545410156
2023-12-01,71.2435073852539
2023-12-04,72.23973083496094
2023-12-05,70.73191833496094
2023-12-06,70.7498779296875
2023-12-07,71.55762481689453
2023-12-08,71.88970184326172
2023-12-11,71.60249328613281
2023-12-13,72.87694549560547
2023-12-14,76.38616180419922
2023-12-15,79.34790802001953
2023-12-18,79.92231750488281
2023-12-19,81.19676208496094
2023-12-20,78.70172882080078
2023-12-21,80.33517456054688
2023-12-22,83.09947204589844
2023-12-26,83.07254028320312
2023-12-27,84.15851593017578
2023-12-28,84.33802032470703
2023-12-29,84.70598602294922
2024-01-02,83.8892593383789
2024-01-03,80.7839126586914
2024-01-04,79.38380432128906
2024-01-05,81.67243957519531
2024-01-08,82.44429779052734
2024-01-09,78.86326599121094
2024-01-10,77.6606216430664
2024-01-11,76.24256134033203
2024-01-12,77.21186828613281
2024-01-15,77.88499450683594
2024-01-16,75.38994598388672
2024-01-17,75.02198028564453
2024-01-18,75.09378814697266
2024-01-19,76.24256134033203
2024-01-22,73.79238891601562
2024-01-23,76.21564483642578
2024-01-24,78.35169982910156
2024-01-25,78.54016876220703
2024-01-26,79.15943908691406
2024-01-29,80.39799499511719
2024-01-30,79.61717224121094
2024-01-31,79.62613677978516
2024-02-01,81.85193634033203
2024-02-02,80.05692291259766
2024-02-06,80.101806640625
2024-02-07,80.68518829345703
2024-02-08,78.17220306396484
2024-02-09,76.65541076660156
2024-02-12,77.39136505126953
2024-02-13,76.0361328125
2024-02-14,76.82595825195312
2024-02-15,77.18494415283203
2024-02-16,77.76832580566406
2024-02-19,78.97993469238281
2024-02-20,77.87602233886719
2024-02-21,77.28367614746094
2024-02-22,77.22980499267578
2024-02-23,76.6823501586914
2024-02-26,76.26950073242188
2024-02-27,76.70925903320312
2024-02-28,73.99881744384766
2024-02-29,75.3219985961914
2024-03-01,75.3219985961914
2024-03-04,76.30986022949219
2024-03-05,75.80233001708984
2024-03-06,74.40666198730469
2024-03-07,75.98361206054688
2024-03-08,76.49113464355469
2024-03-11,76.67237854003906
2024-03-12,76.37330627441406
2024-03-13,81.80200958251953
2024-03-14,81.9107666015625
2024-03-15,87.91947937011719
2024-03-19,83.47864532470703
2024-03-20,86.23377227783203
2024-03-21,87.5660171508789
2024-03-22,88.77139282226562
2024-03-25,88.92546081542969
2024-03-26,88.82579040527344
2024-03-27,89.08860778808594
2024-04-01,90.62023162841797
2024-04-02,89.84989166259766
2024-04-03,92.50532531738281
2024-04-04,92.54157257080078
2024-04-05,93.98258209228516
2024-04-08,95.76797485351562
2024-04-09,98.69530487060547
2024-04-10,96.49300384521484
2024-04-11,95.55046844482422
2024-04-12,93.62911987304688
2024-04-15,94.34510803222656
2024-04-16,94.58074188232422
2024-04-17,93.03097534179688
2024-04-18,94.25447082519531
2024-04-19,93.39348602294922
2024-04-22,91.28181457519531
2024-04-23,90.19428253173828
2024-04-24,90.94648742675781
2024-04-25,93.62911987304688
2024-04-26,96.6924057006836
2024-04-29,98.64093017578125
2024-04-30,95.94017791748047
2024-05-02,95.15170288085938
2024-05-03,95.2332763671875
2024-05-06,96.05799865722656
2024-05-07,94.68949127197266
2024-05-08,92.18811798095703
2024-05-09,94.29979705810547
2024-05-10,94.07321166992188
2024-05-13,92.72282409667969
2024-05-14,93.81944274902344
2024-05-15,94.54447937011719
2024-05-16,95.6048583984375
2024-05-17,102.0395278930664
2024-05-20,104.20555877685547
2024-05-21,103.41708374023438
2024-05-22,99.20214080810547
2024-05-23,97.0261001586914
2024-05-24,95.1060562133789
2024-05-27,96.45922088623047
2024-05-28,96.27635955810547
2024-05-29,96.49579620361328
2024-05-30,96.65122985839844
2024-05-31,95.70950317382812
2024-06-03,89.48307037353516
2024-06-04,87.08758544921875
2024-06-05,89.88536834716797
2024-06-06,90.92769622802734
2024-06-07,87.27959442138672
2024-06-10,87.96532440185547
2024-06-11,87.72760772705078
2024-06-12,86.52072143554688
2024-06-13,86.319580078125
2024-06-14,85.53327941894531
2024-06-17,85.77100372314453
2024-06-18,89.28193664550781
2024-06-19,87.31617736816406
2024-06-20,91.42140197753906
2024-06-21,88.59619903564453
2024-06-24,87.91046142578125
2024-06-25,86.70358276367188
2024-06-26,88.22134399414062
2024-06-27,87.88304901123047
2024-06-28,90.2510986328125
2024-07-01,92.35399627685547
2024-07-02,92.93000030517578
2024-07-03,97.19981384277344
2024-07-04,96.83409118652344
2024-07-05,97.4832534790039
2024-07-08,98.9095687866211
2024-07-09,100.11643981933594
2024-07-10,102.3016357421875
2024-07-11,102.06391906738281
2024-07-12,102.00907135009766
2024-07-15,100.2810287475586
2024-07-16,97.09923553466797
2024-07-17,96.64209747314453
2024-07-18,93.0214614868164
2024-07-19,94.40205383300781
2024-07-22,94.9872055053711
2024-07-23,93.48773193359375
2024-07-24,94.39289855957031
2024-07-25,93.04886627197266
2024-07-26,94.40205383300781
2024-07-29,93.75288391113281
2024-07-30,94.16432189941406
2024-07-31,95.80093383789062
2024-08-01,92.12541198730469
2024-08-02,92.45457458496094
2024-08-05,92.50028991699219
2024-08-06,91.95169830322266
2024-08-07,94.14603424072266
2024-08-08,95.75521087646484
2024-08-09,96.0843505859375
2024-08-12,96.97123718261719
2024-08-13,98.00440216064453
2024-08-14,96.43180847167969
2024-08-15,99.46728515625
2024-08-16,98.73583984375
2024-08-19,97.32780456542969
2024-08-20,94.63976287841797
2024-08-21,96.91639709472656
2024-08-22,95.1883544921875
2024-08-23,97.34609985351562
2024-08-26,96.0203628540039
2024-08-27,94.53132629394531
2024-08-28,91.83993530273438
2024-08-29,94.00413513183594
2024-08-30,93.55094146728516
2024-09-02,95.55792236328125
2024-09-03,92.84803771972656
2024-09-04,93.39372253417969
2024-09-05,93.04226684570312
2024-09-06,91.79369354248047
2024-09-09,92.45960235595703
2024-09-10,92.98677825927734
2024-09-11,93.20874786376953
2024-09-12,95.08625030517578
2024-09-13,95.40994262695312
2024-09-17,95.44693756103516
2024-09-18,96.64927673339844
2024-09-19,98.06433868408203
2024-09-20,95.0307388305664
2024-09-23,97.01921844482422
2024-09-24,101.45861053466797
2024-09-25,99.60887145996094
2024-09-26,104.21473693847656
2024-09-27,103.03089904785156
2024-09-30,101.73609161376953
2024-10-02,103.58582305908203
2024-10-03,99.60887145996094
2024-10-04,101.68057250976562
2024-10-07,101.63435363769531
2024-10-08,98.95220947265625
2024-10-09,99.22042083740234
2024-10-10,100.95919036865234
2024-10-11,104.2979736328125
2024-10-14,101.893310546875
2024-10-15,101.56035614013672
2024-10-16,101.0701675415039
2024-10-17,100.92218017578125
2024-10-18,101.92105865478516
2024-10-21,103.9002914428711
2024-10-22,102.12452697753906
2024-10-23,101.92105865478516
2024-10-24,100.83894348144531
2024-10-25,101.7268295288086
2024-10-28,100.61697387695312
2024-10-29,97.93484497070312
2024-10-30,99.49787902832031
2024-10-31,97.10246276855469
2024-11-01,96.66777038574219
2024-11-04,98.32328796386719
2024-11-05,100.3210220336914
2024-11-06,98.8967056274414
2024-11-07,101.35688018798828
2024-11-08,98.50827026367188
2024-11-11,97.9163589477539
2024-11-12,95.73365020751953
2024-11-13,94.69779968261719
2024-11-14,95.01225280761719
2024-11-15,94.32784271240234
2024-11-19,95.72440338134766
2024-11-20,96.98222351074219
2024-11-21,96.02960968017578
2024-11-22,94.63304901123047
2024-11-25,93.68690490722656
2024-11-26,93.67752838134766
2024-11-27,93.3965072631836
2024-11-28,93.78058624267578
2024-11-29,92.6002426147461
2024-12-02,95.24195861816406
2024-12-03,96.62837982177734
2024-12-04,98.7923355102539
2024-12-05,98.33330535888672
2024-12-06,95.3543701171875
2024-12-09,101.45277404785156
2024-12-10,98.72676849365234
2024-12-11,99.3169174194336
2024-12-13,99.27946472167969
2024-12-16,96.93751525878906
2024-12-17,94.7079849243164
2024-12-18,93.12484741210938
2024-12-19,91.64473724365234
2024-12-20,92.79698181152344
2024-12-23,93.71501159667969
2024-12-24,93.12484741210938
2024-12-26,92.74076080322266
2024-12-27,92.65644836425781
2024-12-30,91.01708984375
2024-12-31,93.0030517578125
2025-01-02,93.64007568359375
2025-01-03,91.35433959960938
2025-01-06,93.67752838134766
2025-01-07,94.53935241699219
2025-01-08,95.93516540527344
2025-01-09,97.19044494628906
2025-01-10,95.73844146728516
2025-01-13,94.80166625976562
2025-01-14,94.87659454345703
2025-01-15,96.0288314819336
2025-01-16,96.42228698730469
2025-01-17,96.14124298095703
2025-01-20,97.32159423828125
2025-01-21,97.71503448486328
2025-01-22,98.64244079589844
2025-01-23,98.65181732177734
2025-01-24,97.53704833984375
2025-01-27,97.31221008300781
2025-01-28,94.82976531982422
2025-01-29,95.32625579833984
2025-01-30,95.81338500976562
2025-01-31,94.75482177734375
2025-02-04,96.45975494384766
2025-02-05,95.5604476928711
2025-02-06,97.93048858642578
2025-02-07,99.65414428710938
2025-02-10,100.50662231445312
2025-02-11,99.18577575683594
2025-02-12,98.18342590332031
2025-02-13,98.26773071289062
2025-02-14,98.64244079589844
2025-02-17,98.67992401123047
2025-02-18,100.32865142822266
2025-02-19,97.90239715576172
2025-02-20,98.02417755126953
2025-02-21,97.19044494628906
2025-02-24,97.21853637695312
2025-02-25,96.51596069335938
2025-02-26,95.95390319824219
2025-02-27,93.8706283569336
2025-02-28,91.56954956054688
2025-03-03,92.30816650390625
2025-03-04,92.99944305419922
2025-03-05,96.88191223144531
2025-03-06,95.94442749023438
2025-03-07,95.55618286132812
2025-03-10,93.69070434570312
2025-03-11,93.17935180664062
2025-03-12,98.21708679199219
2025-03-13,99.49547576904297
2025-03-14,99.15457916259766
2025-03-18,99.63751983642578
2025-03-19,102.75296020507812
2025-03-20,101.73027038574219
2025-03-21,99.7606201171875
2025-03-24,98.26444244384766
2025-03-25,100.44242095947266
2025-03-26,99.58070373535156
2025-03-27,99.07881927490234
2025-03-28,99.05987548828125
2025-03-31,96.81561279296875
2025-04-01,99.63751983642578
2025-04-02,100.00682067871094
2025-04-03,95.11112213134766
2025-04-04,88.5393295288086
2025-04-07,89.51467895507812
2025-04-08,88.06584930419922
2025-04-09,93.72857666015625
2025-04-10,91.79682159423828
2025-04-11,92.01461029052734
2025-04-14,92.10930633544922
2025-04-15,93.6717529296875
2025-04-16,94.22099304199219
2025-04-21,94.58081817626953
2025-04-22,95.14900207519531
2025-04-23,96.51260375976562
2025-04-24,96.74933624267578
2025-04-25,99.13563537597656
2025-04-28,100.47083282470703
2025-04-29,96.74933624267578
2025-04-30,96.361083984375
2025-05-02,95.74556732177734
2025-05-05,96.64517211914062
2025-05-06,100.26249694824219
2025-05-07,97.50688171386719
2025-05-08,96.96713256835938
2025-05-09,96.0675277709961
2025-05-12,98.95572662353516
2025-05-13,98.10345458984375
2025-05-14,98.16975402832031
2025-05-15,99.14509582519531
2025-05-16,98.71898651123047
2025-05-19,98.86103057861328
2025-05-20,98.39701843261719
2025-05-21,100.0731201171875
2025-05-22,98.32125854492188
2025-05-23,99.99736022949219
2025-05-26,100.57205200195312
2025-05-27,101.5394515991211
2025-05-28,102.71759033203125
2025-05-29,104.68113708496094
2025-05-30,102.66011810302734
2025-06-02,100.61994171142578
2025-06-03,101.060546875
2025-06-04,101.64480590820312
2025-06-05,103.83824157714844
2025-06-06,103.4455337524414
2025-06-09,104.40337371826172
2025-06-10,102.33445739746094
2025-06-11,102.13330841064453
2025-06-12,102.43023681640625
2025-06-13,101.54904174804688
2025-06-16,101.76934051513672
2025-06-17,102.48770904541016
2025-06-18,103.94361114501953
2025-06-19,100.5816421508789
2025-06-20,100.2751235961914
2025-06-23,100.52416229248047
2025-06-24,102.48770904541016
2025-06-25,103.99149322509766
2025-06-26,108.76148223876953
2025-06-27,107.8994369506836
2025-06-30,108.47412872314453
2025-07-01,109.336181640625
2025-07-02,109.99708557128906
2025-07-03,108.5986557006836
2025-07-04,107.40137481689453
2025-07-07,108.62738800048828
2025-07-08,109.04883575439453
2025-07-09,106.60637664794922
2025-07-10,110.15033721923828
2025-07-11,110.39937591552734
2025-07-14,109.336181640625
2025-07-15,108.70401000976562
2025-07-16,108.41666412353516
2025-07-17,108.71359252929688
2025-07-18,109.22124481201172
2025-07-21,109.748046875
2025-07-22,112.14261627197266
2025-07-23,114.21154022216797
2025-07-24,113.98165893554688
2025-07-25,113.4548568725586
2025-07-28,115.50460052490234
2025-07-29,118.2056884765625
2025-07-30,113.98165893554688
2025-07-31,112.7269058227539
2025-08-01,113.62726593017578
2025-08-04,116.96050262451172
2025-08-05,115.74406433105469
2025-08-06,114.6425552368164
2025-08-07,116.82640838623047
2025-08-08,117.7171859741211
2025-08-11,118.14822387695312
2025-08-12,123.76109313964844
2025-08-13,122.22856140136719
2025-08-14,122.62127685546875
2025-08-15,121.86458587646484
2025-08-18,122.59254455566406
2025-08-19,122.1423568725586
2025-08-20,119.24012756347656
2025-08-21,119.53705596923828
2025-08-22,122.12320709228516
2025-08-25,119.72862243652344
2025-08-26,119.1539306640625
2025-08-27,119.55622100830078
2025-08-28,118.44515228271484
2025-08-29,117.26701354980469
2025-09-01,118.10032653808594
2025-09-02,119.31675720214844
2025-09-03,121.644287109375
2025-09-04,122.70879364013672
2025-09-05,123.3862075805664
2025-09-08,124.28620910644531
2025-09-09,126.87972259521484
2025-09-10,127.38294982910156
2025-09-11,129.28939819335938
2025-09-12,130.69261169433594
2025-09-15,132.57969665527344
2025-09-17,130.70228576660156
2025-09-18,128.88294982910156
2025-09-19,129.20230102539062
2025-09-22,132.3958282470703
2025-09-23,132.12486267089844
2025-09-24,138.2602996826172
2025-09-25,142.25704956054688
2025-09-26,143.244140625
2025-09-29,152.1376190185547
2025-09-30,154.21824645996094
2025-10-01,151.45053100585938
2025-10-02,152.91180419921875
2025-10-03,155.27308654785156
2025-10-06,131.9990692138672
2025-10-07,133.38291931152344
2025-10-08,136.4602813720703
2025-10-09,140.04092407226562
2025-10-10,140.56349182128906
2025-10-13,143.49575805664062
2025-10-14,144.2699432373047
2025-10-15,143.94088745117188
2025-10-16,145.9828338623047
2025-10-17,143.77638244628906
2025-10-20,147.88925170898438
2025-10-21,144.98606872558594
2025-10-22,144.6473388671875
2025-10-23,146.19573974609375
2025-10-24,145.02476501464844
2025-10-27,149.99891662597656
2025-10-28,150.92796325683594
2025-10-29,158.38917541503906
2025-10-30,160.20852661132812
2025-10-31,155.13760375976562
2025-11-03,150.87957763671875
2025-11-04,147.0763702392578
2025-11-05,153.7440643310547
2025-11-06,153.14405822753906
2025-11-07,154.5956573486328
2025-11-10,154.33436584472656
2025-11-11,157.25694274902344
2025-11-12,154.2763214111328
2025-11-13,151.6343994140625
2025-11-14,149.36021423339844
2025-11-18,145.24734497070312
2025-11-19,146.23443603515625
2025-11-20,141.79254150390625
2025-11-21,144.4828338623047
2025-11-24,150.6763458251953
2025-11-25,153.65695190429688
2025-11-26,153.56985473632812
2025-11-27,152.33116149902344
2025-11-28,156.2295684814453
2025-12-01,158.7601318359375
2025-12-02,158.6721954345703
2025-12-03,161.29067993164062
2025-12-04,162.46311950683594
2025-12-05,162.86370849609375
2025-12-08,162.54127502441406
2025-12-09,163.53787231445312
2025-12-10,162.11138916015625
2025-12-11,168.21791076660156
2025-12-15,166.2833709716797
2025-12-16,162.3947296142578
2025-12-17,159.29750061035156
2025-12-18,165.63851928710938
2025-12-19,161.2711181640625
2025-12-22,167.0747833251953
2025-12-23,170.59213256835938
2025-12-24,170.3185577392578
2025-12-26,169.3317413330078
2025-12-29,166.5081024169922
2025-12-30,166.13681030273438
2025-12-31,166.29315185546875
2026-01-02,165.72645568847656
2026-01-05,170.98297119140625
2026-01-06,174.87158203125
2026-01-07,172.2726593017578
2026-01-08,172.5071563720703
2026-01-09,178.02745056152344
2026-01-12,184.36846923828125
2026-01-13,185.1012725830078
2026-01-14,192.82968139648438
2026-01-15,190.0451202392578
2026-01-16,189.5565948486328
2026-01-19,195.28208923339844
2026-01-20,193.8653564453125
2026-01-21,190.7290496826172
2026-01-22,188.9215087890625
2026-01-23,188.57952880859375
2026-01-26,195.03782653808594
2026-01-27,195.37002563476562
2026-01-28,196.76718139648438
2026-01-29,204.45654296875
2026-01-30,188.40367126464844
2026-02-03,204.2025146484375
2026-02-04,199.4247589111328
2026-02-05,196.39590454101562
2026-02-06,202.9127960205078
2026-02-09,204.40768432617188
2026-02-10,197.25570678710938
2026-02-11,201.525390625
2026-02-12,197.87124633789062
2026-02-13,199.7960205078125
2026-02-16,199.1218719482422
2026-02-17,191.65724182128906
2026-02-18,194.47113037109375
2026-02-19,197.90054321289062
2026-02-20,200.29432678222656
2026-02-23,200.29432678222656
2026-02-24,203.32318115234375
2026-02-25,209.03887939453125
2026-02-26,211.66712951660156
2026-02-27,214.7367706298828
2026-03-02,216.58641052246094
2026-03-03,202.4287109375
2026-03-04,209.443603515625
2026-03-05,197.23394775390625
2026-03-06,191.05531311035156
2026-03-09,192.07852172851562
2026-03-10,196.43702697753906
2026-03-11,198.7195587158203
2026-03-12,188.70388793945312
2026-03-13,184.1289520263672
2026-03-17,189.13677978515625
2026-03-18,182.99752807617188
2026-03-19,176.9271240234375
2026-03-20,170.95509338378906
2026-03-23,174.8216552734375
2026-03-24,179.47531127929688
2026-03-25,188.4087371826172
2026-03-26,184.18798828125
2026-03-27,178.1864471435547
2026-03-30,179.58352661132812
2026-03-31,188.61534118652344
2026-04-01,192.60980224609375
2026-04-06,193.37721252441406
2026-04-07,192.52125549316406
2026-04-08,203.4617462158203
2026-04-09,200.40196228027344
2026-04-10,203.00918579101562
2026-04-13,204.15045166015625
2026-04-14,202.9796600341797
2026-04-15,204.96707153320312
2026-04-16,204.73094177246094
2026-04-17,206.77735900878906
2026-04-20,207.04299926757812
2026-04-21,196.5944366455078
2026-04-22,198.7490692138672
2026-04-23,193.36737060546875
2026-04-24,196.7715301513672
2026-04-27,193.56414794921875
2026-04-28,185.57521057128906
2026-04-29,187.0706787109375
2026-04-30,188.4087371826172
2026-05-04,186.02780151367188
2026-05-05,189.20565795898438
2026-05-06,198.95567321777344
2026-05-07,200.64791870117188
2026-05-08,202.34999084472656
2026-05-11,203.82577514648438
2026-05-12,206.01979064941406
2026-05-13,211.73599243164062
2026-05-14,207.59396362304688
2026-05-15,198.83761596679688
2026-05-18,197.16506958007812
2026-05-19,196.23040771484375
2026-05-20,199.75259399414062
2026-05-21,199.87066650390625
2026-05-22,202.62547302246094
2026-05-25,202.9304656982422
2026-05-26,210.19134521484375
2026-05-27,212.13937377929688
2026-05-28,211.7753448486328
2026-05-29,212.45945739746094
2026-06-01,213.98629760742188
2026-06-02,218.02154541015625
2026-06-03,211.88441467285156
2026-06-04,209.6437225341797
2026-06-05,200.52230834960938
2026-06-08,200.7404327392578
2026-06-09,200.02658081054688
2026-06-10,196.30862426757812
2026-06-11,204.70626831054688
2026-06-12,207.55174255371094
2026-06-15,212.34048461914062
2026-06-16,212.56851196289062
2026-06-17,213.1435546875
2026-06-18,212.38014221191406
2026-06-19,205.7274627685547
2026-06-22,208.5630340576172
2026-06-23,204.33941650390625
2026-06-24,194.96023559570312
2026-06-25,201.2559814453125
2026-06-26,198.29153442382812
2026-06-29,199.411865234375
2026-06-30,195.93186950683594
2026-07-01,195.3369903564453
2026-07-02,195.78314208984375
2026-07-03,197.6470947265625
2026-07-06,200.6710205078125
2026-07-07,192.45184326171875
2026-07-08,194.69253540039062
2026-07-09,194.2265625
2026-07-10,196.92332458496094
2026-07-13,194.08775329589844
2026-07-14,197.9048614501953
2026-07-15,198.31137084960938
2026-07-16,197.1513671875
2026-07-17,198.3411102294922
2026-07-20,199.72914123535156
2026-07-21,207.7500457763672
2026-07-22,212.509033203125
2026-07-23,206.57020568847656
2026-07-24,205.50933837890625
2026-07-27,207.71038818359375
2026-07-28,207.4922637939453
2026-07-29,206.01498413085938
2026-07-30,210.46664428710938
2026-07-31,206.51071166992188
2026-08-03,209.81227111816406
2026-08-04,215.6420440673828
2026-08-05,220.748046875
2026-08-06,217.25811767578125
2026-08-07,223.5241241455078
2026-08-10,223.0779571533203
2026-08-11,220.0540313720703
2026-08-12,222.5723419189453
2026-08-13,217.5059814453125
2026-08-14,215.11656188964844
2026-08-17,216.603759765625
2026-08-18,214.97776794433594
2026-08-19,217.07965087890625
2026-08-20,221.29335021972656
2026-08-21,234.9754638671875
2026-08-24,235.3026580810547
2026-08-25,235.79837036132812
2026-08-26,232.318359375
2026-08-27,230.52000427246094
2026-08-28,229.30999755859375
2026-08-31,232.58999633789062
2026-09-01,223.17999267578125
2026-09-02,222.8800048828125
2026-09-03,225.0
2026-09-04,223.77000427246094
2026-09-08,229.55999755859375
2026-09-09,228.5
2026-09-10,218.33999633789062
2026-09-11,218.3000030517578
2026-09-14,213.91000366210938
